{"bill":{"name":["H.Con.Res.448"],"url":"https:\/\/www.congress.gov\/bill\/109th-congress\/house-concurrent-resolution\/448?q=%7B%22search%22%3A%5B%22%5C%22hconres448%5C%22%22%5D%7D&resultIndex=1","summary":[],"current-status":[{"status":"Passed Senate","details":{"actionDate":"2006-07-21","displayText":"Passed\/agreed to in Senate: Received in the Senate, considered, and agreed to without amendment and with a preamble by Unanimous Consent.(consideration: CR S8105-8106)","externalActionCode":"17000","description":"Passed Senate"}}]},"congress-man":{"name":["Rep. Paul, Ron [R-TX-14]"],"url":"https:\/\/www.congress.gov\/member\/ron-paul\/P000583?q=%7B%22search%22%3A%5B%22%5C%22hconres448%5C%22%22%5D%7D"}}