{"bill":{"name":["H.Con.Res.376"],"url":"https:\/\/www.congress.gov\/bill\/109th-congress\/house-concurrent-resolution\/376?q=%7B%22search%22%3A%5B%22%5C%22hconres376%5C%22%22%5D%7D&resultIndex=1","summary":[],"current-status":[{"status":"Passed House","details":{"actionDate":"2006-05-18","displayText":"Passed\/agreed to in House: On agreeing to the resolution Agreed to by the Yeas and Nays: 218 - 210 (Roll no. 158).","externalActionCode":"8000","description":"Passed House"}}]},"congress-man":{"name":["Rep. Nussle, Jim [R-IA-1]"],"url":"https:\/\/www.congress.gov\/member\/jim-nussle\/N000172?q=%7B%22search%22%3A%5B%22%5C%22hconres376%5C%22%22%5D%7D"}}