{"bill":{"name":["H.Con.Res.168"],"url":"https:\/\/www.congress.gov\/bill\/109th-congress\/house-concurrent-resolution\/168?q=%7B%22search%22%3A%5B%22%5C%22hconres168%5C%22%22%5D%7D&resultIndex=1","summary":[],"current-status":[{"status":"Passed House","details":{"actionDate":"2005-07-11","displayText":"Passed\/agreed to in House: On motion to suspend the rules and agree to the resolution, as amended Agreed to by the Yeas and Nays: (2\/3 required): 362 - 1, 1 Present (Roll no. 363).(text: CR H5608-5609)","externalActionCode":"8000","description":"Passed House"}}]},"congress-man":{"name":["Rep. Hyde, Henry J. [R-IL-6]"],"url":"https:\/\/www.congress.gov\/member\/henry-hyde\/H001022?q=%7B%22search%22%3A%5B%22%5C%22hconres168%5C%22%22%5D%7D"}}