{"bill":{"name":["H.Con.Res.30"],"url":"https:\/\/www.congress.gov\/bill\/109th-congress\/house-concurrent-resolution\/30?q=%7B%22search%22%3A%5B%22%5C%22hconres30%5C%22%22%5D%7D&resultIndex=1","summary":[],"current-status":[{"status":"Passed House","details":{"actionDate":"2005-02-09","displayText":"Passed\/agreed to in House: On motion to suspend the rules and agree to the resolution, as amended Agreed to by the Yeas and Nays: (2\/3 required): 422 - 0 (Roll no. 26).(text: CR H430-431)","externalActionCode":"8000","description":"Passed House"}}]},"congress-man":{"name":["Rep. Lee, Barbara [D-CA-9]"],"url":"https:\/\/www.congress.gov\/member\/barbara-lee\/L000551?q=%7B%22search%22%3A%5B%22%5C%22hconres30%5C%22%22%5D%7D"}}