{"bill":{"name":["H.Con.Res.34"],"url":"https:\/\/www.congress.gov\/bill\/109th-congress\/house-concurrent-resolution\/34?q=%7B%22search%22%3A%5B%22%5C%22hconres34%5C%22%22%5D%7D&resultIndex=1","summary":[],"current-status":[{"status":"Passed Senate","details":{"actionDate":"2005-04-06","displayText":"Passed\/agreed to in Senate: Received in the Senate, considered, and agreed to without amendment and with a preamble by Unanimous Consent.(consideration: CR S3338)","externalActionCode":"17000","description":"Passed Senate"}}]},"congress-man":{"name":["Rep. Udall, Tom [D-NM-3]"],"url":"https:\/\/www.congress.gov\/member\/tom-udall\/U000039?q=%7B%22search%22%3A%5B%22%5C%22hconres34%5C%22%22%5D%7D"}}