{"bill":{"name":["H.Con.Res.196"],"url":"https:\/\/www.congress.gov\/bill\/109th-congress\/house-concurrent-resolution\/196?q=%7B%22search%22%3A%5B%22%5C%22hconres196%5C%22%22%5D%7D&resultIndex=1","summary":[],"current-status":[{"status":"Passed Senate","details":{"actionDate":"2005-12-22","displayText":"Passed\/agreed to in Senate: Resolution agreed to in Senate without amendment and with a preamble by Unanimous Consent.(consideration: CR S14408)","externalActionCode":"17000","description":"Passed Senate"}}]},"congress-man":{"name":["Rep. Mica, John L. [R-FL-7]"],"url":"https:\/\/www.congress.gov\/member\/john-mica\/M000689?q=%7B%22search%22%3A%5B%22%5C%22hconres196%5C%22%22%5D%7D"}}