{"bill":{"name":["H.Con.Res.178"],"url":"https:\/\/www.congress.gov\/bill\/109th-congress\/house-concurrent-resolution\/178?q=%7B%22search%22%3A%5B%22%5C%22hconres178%5C%22%22%5D%7D&resultIndex=1","summary":[],"current-status":[{"status":"Passed House","details":{"actionDate":"2005-09-29","displayText":"Passed\/agreed to in House: On motion to suspend the rules and agree to the resolution, as amended Agreed to by the Yeas and Nays: (2\/3 required): 401 - 0 (Roll no. 508).","externalActionCode":"8000","description":"Passed House"}}]},"congress-man":{"name":["Rep. Norwood, Charles W. [R-GA-9]"],"url":"https:\/\/www.congress.gov\/member\/charles-norwood\/N000159?q=%7B%22search%22%3A%5B%22%5C%22hconres178%5C%22%22%5D%7D"}}