{"bill":{"name":["H.Con.Res.248"],"url":"https:\/\/www.congress.gov\/bill\/109th-congress\/house-concurrent-resolution\/248?q=%7B%22search%22%3A%5B%22%5C%22hconres248%5C%22%22%5D%7D&resultIndex=1","summary":[],"current-status":[{"status":"Passed House","details":{"actionDate":"2005-10-07","displayText":"Passed\/agreed to in House: On motion to suspend the rules and agree to the resolution, as amended Agreed to by the Yeas and Nays: (2\/3 required): 354 - 0 (Roll no. 520).(text: CR 10\/6\/2005 H8674)","externalActionCode":"8000","description":"Passed House"}}]},"congress-man":{"name":["Rep. Waxman, Henry A. [D-CA-30]"],"url":"https:\/\/www.congress.gov\/member\/henry-waxman\/W000215?q=%7B%22search%22%3A%5B%22%5C%22hconres248%5C%22%22%5D%7D"}}