{"bill":{"name":["H.Con.Res.408"],"url":"https:\/\/www.congress.gov\/bill\/109th-congress\/house-concurrent-resolution\/408?q=%7B%22search%22%3A%5B%22%5C%22hconres408%5C%22%22%5D%7D&resultIndex=1","summary":["Congressional Bills 109th CongressFrom the US Government Printing OfficeH Con Res 408 Placed on Calendar Senate PCS Calendar No 508109th CONGRESS 2d SessionH CON RES 408 IN THE SENATE OF THE UNITED STATES June 14 2006 Received June 29 2006 Placed on the calendar CONCURRENT RESOLUTION Commending the Government of Canada for its renewed commitment to the Global War on Terror in AfghanistanWhereas twentyfour Canadian citizens were killed as a result of the September 11 2001 terrorist attacks on the United StatesWhereas the people of Gander Newfoundland provided food clothing and shelter to thousands of stranded passengers and temporary aircraft parking to thirtynine planes diverted from United States airspace as a result of the September 11 2001 terrorist attacks on the United StatesWhereas the Government of Canada as led by former Prime Ministers Jean Jacques Chretien and Paul Martin and continued by Prime Minister Stephen Harper has provided humanitarian diplomatic and security personnel on the invitation of the Government of Afghanistan since 2001Whereas Canada has pledged 650000000 in development aid to AfghanistanWhereas Afghanistan is Canadas largest recipient of bilateral development aidWhereas Canada has stationed approximately 2300 defense personnel who comprise Task Force Afghanistan in order to improve security in southern Afghanistan particularly in the province of KandaharWhereas Canada has over 70 diplomatic officers worldwide who are dedicated to growing democracy and equality in AfghanistanWhereas at least seventeen Canadians have given the ultimate sacrifice in the Global War on TerrorWhereas Canadas commitment to the Government of Afghanistan under the leadership of Prime Minister Hamid Karzai was due to expire in February 2007Whereas on May 17 2006 the Canadian Government led by Prime Minister Stephen Harper requested that the Canadian House of Commons extend Canadas commitment in the Global War on TerrorWhereas on May 17 2006 the Canadian Parliament voted to extend peace and security operations in Afghanistan until 2009 to increase its development assistance by 310 million and to build a permanent and secure embassy in Afghanistan to replace its current facility andWhereas this was the latest sign of the renewed commitment of numerous United States allies in the Global War on Terror Now therefore be it Resolved by the House of Representatives the Senate concurring That Congress 1 commends the Government of Canada for its renewed and longterm commitment to the Global War on Terror 2 commends the leadership of former Canadian Prime Ministers Jean Jacques Chretien and Paul Martin and current Prime Minister Stephen Harper for their steadfast commitment to democracy human rights and freedom throughout the world 3 commends the Government of Canada for working to secure a democratic and equal Afghanistan 4 commends the Government of Canadas commitment to reducing poverty aiding the counternarcotics efforts through counterterrorism and counterinsurgency campaigns and ensuring a peaceful and terrorfree Afghanistan 5 commends the Government of Canada for its threepronged commitment to Afghanistan diplomacy development and defense and 6 expresses the gratitude and appreciation of the United States for Canadas enduring friendship and leadership in the Global War on Terror in Afghanistan Passed the House of Representatives June 13 2006 Attest KAREN L HAAS Clerk Calendar No 508109th CONGRESS 2d Session H CON RES 408 CONCURRENT RESOLUTION Commending the Government of Canada for its renewed commitment to the Global War on Terror in Afghanistan June 29 2006 Placed on the calendar"],"current-status":[{"status":"Passed House","details":{"actionDate":"2006-06-13","displayText":"Passed\/agreed to in House: On motion to suspend the rules and agree to the resolution, as amended Agreed to by the Yeas and Nays: (2\/3 required): 409 - 0 (Roll no. 256).(text: CR 6\/12\/2006 H3738-3739)","externalActionCode":"8000","description":"Passed House"}}]},"congress-man":{"name":["Rep. Burton, Dan [R-IN-5]"],"url":"https:\/\/www.congress.gov\/member\/dan-burton\/B001149?q=%7B%22search%22%3A%5B%22%5C%22hconres408%5C%22%22%5D%7D"}}