{"bill":{"name":["H.Con.Res.366"],"url":"https:\/\/www.congress.gov\/bill\/109th-congress\/house-concurrent-resolution\/366?q=%7B%22search%22%3A%5B%22%5C%22hconres366%5C%22%22%5D%7D&resultIndex=1","summary":[],"current-status":[{"status":"Passed Senate","details":{"actionDate":"2006-04-07","displayText":"Passed\/agreed to in Senate: Resolution agreed to in Senate without amendment and with a preamble by Unanimous Consent.(consideration: CR S3403-3404)","externalActionCode":"17000","description":"Passed Senate"}}]},"congress-man":{"name":["Rep. Calvert, Ken [R-CA-44]"],"url":"https:\/\/www.congress.gov\/member\/ken-calvert\/C000059?q=%7B%22search%22%3A%5B%22%5C%22hconres366%5C%22%22%5D%7D"}}