{"bill":{"name":["H.Con.Res.415"],"url":"https:\/\/www.congress.gov\/bill\/109th-congress\/house-concurrent-resolution\/415?q=%7B%22search%22%3A%5B%22%5C%22hconres415%5C%22%22%5D%7D&resultIndex=1","summary":[],"current-status":[{"status":"Passed House","details":{"actionDate":"2006-09-19","displayText":"Passed\/agreed to in House: On motion to suspend the rules and agree to the resolution Agreed to by the Yeas and Nays: (2\/3 required): 393 - 2 (Roll no. 453).(text: CR H6678)","externalActionCode":"8000","description":"Passed House"}}]},"congress-man":{"name":["Rep. Kirk, Mark Steven [R-IL-10]"],"url":"https:\/\/www.congress.gov\/member\/mark-kirk\/K000360?q=%7B%22search%22%3A%5B%22%5C%22hconres415%5C%22%22%5D%7D"}}