{"bill":{"name":["H.Con.Res.18"],"url":"https:\/\/www.congress.gov\/bill\/109th-congress\/house-concurrent-resolution\/18?q=%7B%22search%22%3A%5B%22%5C%22hconres18%5C%22%22%5D%7D&resultIndex=1","summary":[],"current-status":[{"status":"Passed House","details":{"actionDate":"2005-03-17","displayText":"Passed\/agreed to in House: On motion to suspend the rules and agree to the resolution, as amended Agreed to by the Yeas and Nays: (2\/3 required): 402 - 3 (Roll no. 89).(text: CR 3\/16\/2005 H1529-1530)","externalActionCode":"8000","description":"Passed House"}}]},"congress-man":{"name":["Rep. Ros-Lehtinen, Ileana [R-FL-18]"],"url":"https:\/\/www.congress.gov\/member\/ileana-ros-lehtinen\/R000435?q=%7B%22search%22%3A%5B%22%5C%22hconres18%5C%22%22%5D%7D"}}