{"bill":{"name":["H.Con.Res.365"],"url":"https:\/\/www.congress.gov\/bill\/109th-congress\/house-concurrent-resolution\/365?q=%7B%22search%22%3A%5B%22%5C%22hconres365%5C%22%22%5D%7D&resultIndex=1","summary":[],"current-status":[{"status":"Passed House","details":{"actionDate":"2006-04-26","displayText":"Passed\/agreed to in House: On motion to suspend the rules and agree to the resolution Agreed to by the Yeas and Nays: (2\/3 required): 421 - 0, 1 Present (Roll no. 104).(text: CR H1751-1752)","externalActionCode":"8000","description":"Passed House"}}]},"congress-man":{"name":["Rep. Kennedy, Mark R. [R-MN-6]"],"url":"https:\/\/www.congress.gov\/member\/mark-kennedy\/K000358?q=%7B%22search%22%3A%5B%22%5C%22hconres365%5C%22%22%5D%7D"}}