{"bill":{"name":["H.Con.Res.269"],"url":"https:\/\/www.congress.gov\/bill\/109th-congress\/house-concurrent-resolution\/269?q=%7B%22search%22%3A%5B%22%5C%22hconres269%5C%22%22%5D%7D&resultIndex=1","summary":[],"current-status":[{"status":"Passed Senate","details":{"actionDate":"2005-11-15","displayText":"Passed\/agreed to in Senate: Resolution agreed to in Senate without amendment and with a preamble by Unanimous Consent.","externalActionCode":"17000","description":"Passed Senate"}}]},"congress-man":{"name":["Rep. Barton, Joe [R-TX-6]"],"url":"https:\/\/www.congress.gov\/member\/joe-barton\/B000213?q=%7B%22search%22%3A%5B%22%5C%22hconres269%5C%22%22%5D%7D"}}