{"bill":{"name":["H.Con.Res.268"],"url":"https:\/\/www.congress.gov\/bill\/109th-congress\/house-concurrent-resolution\/268?q=%7B%22search%22%3A%5B%22%5C%22hconres268%5C%22%22%5D%7D&resultIndex=1","summary":[],"current-status":[{"status":"Passed House","details":{"actionDate":"2005-11-16","displayText":"Passed\/agreed to in House: On motion to suspend the rules and agree to the resolution Agreed to by the Yeas and Nays: (2\/3 required): 423 - 0 (Roll no. 594).(text: CR H10332-10333)","externalActionCode":"8000","description":"Passed House"}}]},"congress-man":{"name":["Rep. Doolittle, John T. [R-CA-4]"],"url":"https:\/\/www.congress.gov\/member\/john-doolittle\/D000429?q=%7B%22search%22%3A%5B%22%5C%22hconres268%5C%22%22%5D%7D"}}