{"bill":{"name":["H.Con.Res.230"],"url":"https:\/\/www.congress.gov\/bill\/109th-congress\/house-concurrent-resolution\/230?q=%7B%22search%22%3A%5B%22%5C%22hconres230%5C%22%22%5D%7D&resultIndex=1","summary":[],"current-status":[{"status":"Passed Senate","details":{"actionDate":"2005-12-22","displayText":"Passed\/agreed to in Senate: Resolution agreed to in Senate without amendment and with a preamble by Unanimous Consent.(consideration: CR S14408)","externalActionCode":"17000","description":"Passed Senate"}}]},"congress-man":{"name":["Rep. Issa, Darrell E. [R-CA-49]"],"url":"https:\/\/www.congress.gov\/member\/darrell-issa\/I000056?q=%7B%22search%22%3A%5B%22%5C%22hconres230%5C%22%22%5D%7D"}}