{"bill":{"name":["H.Con.Res.209"],"url":"https:\/\/www.congress.gov\/bill\/109th-congress\/house-concurrent-resolution\/209?q=%7B%22search%22%3A%5B%22%5C%22hconres209%5C%22%22%5D%7D&resultIndex=1","summary":[],"current-status":[{"status":"Passed House","details":{"actionDate":"2005-09-27","displayText":"Passed\/agreed to in House: On motion to suspend the rules and agree to the resolution Agreed to by the Yeas and Nays: (2\/3 required): 404 - 0 (Roll no. 496).(text: CR H8370)","externalActionCode":"8000","description":"Passed House"}}]},"congress-man":{"name":["Rep. Green, Al [D-TX-9]"],"url":"https:\/\/www.congress.gov\/member\/al-green\/G000553?q=%7B%22search%22%3A%5B%22%5C%22hconres209%5C%22%22%5D%7D"}}