{"bill":{"name":["H.Con.Res.225"],"url":"https:\/\/www.congress.gov\/bill\/109th-congress\/house-concurrent-resolution\/225?q=%7B%22search%22%3A%5B%22%5C%22hconres225%5C%22%22%5D%7D&resultIndex=1","summary":[],"current-status":[{"status":"Passed Senate","details":{"actionDate":"2005-07-28","displayText":"Passed\/agreed to in Senate: Received in the Senate, considered, and agreed to without amendment by Unanimous Consent.(consideration: CR S9319; text as passed Senate: CR S9319)","externalActionCode":"17000","description":"Passed Senate"}}]},"congress-man":{"name":["Rep. DeLay, Tom [R-TX-22]"],"url":"https:\/\/www.congress.gov\/member\/tom-delay\/D000217?q=%7B%22search%22%3A%5B%22%5C%22hconres225%5C%22%22%5D%7D"}}