{"bill":{"name":["H.Con.Res.384"],"url":"https:\/\/www.congress.gov\/bill\/109th-congress\/house-concurrent-resolution\/384?q=%7B%22search%22%3A%5B%22%5C%22hconres384%5C%22%22%5D%7D&resultIndex=1","summary":["Congressional Bills 109th CongressFrom the US Government Printing OfficeH Con Res 384 Enrolled Bill ENR HConRes384 Agreed to November 16 2006 One Hundred Ninth Congress of the United States of America AT THE SECOND SESSION Begun and held at the City of Washington on Tuesday the third day of January two thousand and six Concurrent ResolutionWhereas the Alpha Phi Alpha Fraternity was founded on December 4 1906 by seven young men respectfully known as the Seven Jewels at Cornell University in Ithaca New YorkWhereas Henry Arthur Callis Charles Henry Chapman Eugene Kinckle Jones George Biddle Kelley Nathaniel Allison Murray Robert Harold Ogle and Vertner Woodson Tandy the founders of the Fraternity recognized the need for a strong bond of brotherhood among African descendants in this countryWhereas the aims of the Alpha Phi Alpha Fraternity are manly deeds scholarship and love for all mankindWhereas for 100 years the Alpha Phi Alpha Fraternity has played a fundamental role in the positive development of the character and education of more than 175000 menWhereas the brothers of Alpha Phi Alpha have shared countless friendships and a common belief in the founding ideals of the FraternityWhereas alumni from Alpha Phi Alpha include many noteworthy leaders in the areas of government business entertainment science and higher educationWhereas the Alpha Phi Alpha Fraternity has 350 college campus chapters and 350 alumni chapters in 44 States the District of Columbia Africa Asia the Caribbean and Europe andWhereas the Alpha Phi Alpha Fraternity continues to enrich the lives of its members who in turn carry out in their communities a commitment to service and the uplifting of humanity Now therefore be it Resolved by the House of Representatives the Senate concurring That Congress 1 recognizes and honors the 100th anniversary of the founding of the Alpha Phi Alpha Fraternity 2 commends all Alpha Phi Alpha brothers past and present for their bond of friendship common ideals and beliefs and service to community and 3 expresses its best wishes for the Alpha Phi Alpha Fraternitys continued success and growthThatAttest Clerk of the House of RepresentativesAttest Secretary of the Senate"],"current-status":[{"status":"Passed Senate","details":{"actionDate":"2006-11-16","displayText":"Passed\/agreed to in Senate: Resolution agreed to in Senate without amendment and with a preamble by Unanimous Consent.","externalActionCode":"17000","description":"Passed Senate"}}]},"congress-man":{"name":["Rep. Hinchey, Maurice D. [D-NY-22]"],"url":"https:\/\/www.congress.gov\/member\/maurice-hinchey\/H000627?q=%7B%22search%22%3A%5B%22%5C%22hconres384%5C%22%22%5D%7D"}}