{"bill":{"name":["H.Con.Res.294"],"url":"https:\/\/www.congress.gov\/bill\/109th-congress\/house-concurrent-resolution\/294?q=%7B%22search%22%3A%5B%22%5C%22hconres294%5C%22%22%5D%7D&resultIndex=1","summary":[],"current-status":[{"status":"Passed House","details":{"actionDate":"2005-12-16","displayText":"Passed\/agreed to in House: On motion to suspend the rules and agree to the resolution, as amended Agreed to by the Yeas and Nays: (2\/3 required): 413 - 1 (Roll no. 647).(text: CR 12\/14\/2005 H11624)","externalActionCode":"8000","description":"Passed House"}}]},"congress-man":{"name":["Rep. Wolf, Frank R. [R-VA-10]"],"url":"https:\/\/www.congress.gov\/member\/frank-wolf\/W000672?q=%7B%22search%22%3A%5B%22%5C%22hconres294%5C%22%22%5D%7D"}}