{"bill":{"name":["H.Con.Res.341"],"url":"https:\/\/www.congress.gov\/bill\/109th-congress\/house-concurrent-resolution\/341?q=%7B%22search%22%3A%5B%22%5C%22hconres341%5C%22%22%5D%7D&resultIndex=1","summary":[],"current-status":[{"status":"Passed House","details":{"actionDate":"2006-02-16","displayText":"Passed\/agreed to in House: On agreeing to the resolution Agreed to by the Yeas and Nays: 404 - 4, 4 Present (Roll no. 12).(text: CR H337-338)","externalActionCode":"8000","description":"Passed House"}}]},"congress-man":{"name":["Rep. Ros-Lehtinen, Ileana [R-FL-18]"],"url":"https:\/\/www.congress.gov\/member\/ileana-ros-lehtinen\/R000435?q=%7B%22search%22%3A%5B%22%5C%22hconres341%5C%22%22%5D%7D"}}