{"bill":{"name":["H.Con.Res.320"],"url":"https:\/\/www.congress.gov\/bill\/109th-congress\/house-concurrent-resolution\/320?q=%7B%22search%22%3A%5B%22%5C%22hconres320%5C%22%22%5D%7D&resultIndex=1","summary":[],"current-status":[{"status":"Passed House","details":{"actionDate":"2006-04-06","displayText":"Passed\/agreed to in House: On motion to suspend the rules and agree to the resolution, as amended Agreed to by the Yeas and Nays: (2\/3 required): 425 - 1 (Roll no. 96).(text: CR 4\/05\/2006 H1479)","externalActionCode":"8000","description":"Passed House"}}]},"congress-man":{"name":["Rep. Smith, Christopher H. [R-NJ-4]"],"url":"https:\/\/www.congress.gov\/member\/christopher-smith\/S000522?q=%7B%22search%22%3A%5B%22%5C%22hconres320%5C%22%22%5D%7D"}}