{"bill":{"name":["H.Con.Res.483"],"url":"https:\/\/www.congress.gov\/bill\/109th-congress\/house-concurrent-resolution\/483?q=%7B%22search%22%3A%5B%22%5C%22hconres483%5C%22%22%5D%7D&resultIndex=1","summary":[],"current-status":[{"status":"Passed Senate","details":{"actionDate":"2006-09-29","displayText":"Passed\/agreed to in Senate: Resolution agreed to in Senate without amendment by Unanimous Consent.(consideration: CR S10633-10635; text as passed Senate:  CR S10635)","externalActionCode":"17000","description":"Passed Senate"}}]},"congress-man":{"name":["Rep. Boehner, John A. [R-OH-8]"],"url":"https:\/\/www.congress.gov\/member\/john-boehner\/B000589?q=%7B%22search%22%3A%5B%22%5C%22hconres483%5C%22%22%5D%7D"}}