{"bill":{"name":["H.Con.Res.315"],"url":"https:\/\/www.congress.gov\/bill\/109th-congress\/house-concurrent-resolution\/315?q=%7B%22search%22%3A%5B%22%5C%22hconres315%5C%22%22%5D%7D&resultIndex=1","summary":[],"current-status":[{"status":"Passed Senate","details":{"actionDate":"2006-02-14","displayText":"Passed\/agreed to in Senate: Resolution agreed to in Senate without amendment by Unanimous Consent.","externalActionCode":"17000","description":"Passed Senate"}}]},"congress-man":{"name":["Rep. Wasserman Schultz, Debbie [D-FL-20]"],"url":"https:\/\/www.congress.gov\/member\/debbie-wasserman-schultz\/W000797?q=%7B%22search%22%3A%5B%22%5C%22hconres315%5C%22%22%5D%7D"}}