{"bill":{"name":["H.Con.Res.392"],"url":"https:\/\/www.congress.gov\/bill\/109th-congress\/house-concurrent-resolution\/392?q=%7B%22search%22%3A%5B%22%5C%22hconres392%5C%22%22%5D%7D&resultIndex=1","summary":[],"current-status":[{"status":"Passed House","details":{"actionDate":"2006-05-02","displayText":"Passed\/agreed to in House: On motion to suspend the rules and agree to the resolution, as amended Agreed to by the Yeas and Nays: (2\/3 required): 413 - 0 (Roll no. 112).(text: CR H1941)","externalActionCode":"8000","description":"Passed House"}}]},"congress-man":{"name":["Rep. Wilson, Joe [R-SC-2]"],"url":"https:\/\/www.congress.gov\/member\/joe-wilson\/W000795?q=%7B%22search%22%3A%5B%22%5C%22hconres392%5C%22%22%5D%7D"}}