{"bill":{"name":["H.Con.Res.81"],"url":"https:\/\/www.congress.gov\/bill\/109th-congress\/house-concurrent-resolution\/81?q=%7B%22search%22%3A%5B%22%5C%22hconres81%5C%22%22%5D%7D&resultIndex=1","summary":[],"current-status":[{"status":"Passed House","details":{"actionDate":"2005-04-27","displayText":"Passed\/agreed to in House: On motion to suspend the rules and agree to the resolution Agreed to by the Yeas and Nays: (2\/3 required): 398 - 27, 2 Present (Roll no. 137).(text: CR 4\/26\/2005 H2503)","externalActionCode":"8000","description":"Passed House"}}]},"congress-man":{"name":["Rep. Menendez, Robert [D-NJ-13]"],"url":"https:\/\/www.congress.gov\/member\/robert-menendez\/M000639?q=%7B%22search%22%3A%5B%22%5C%22hconres81%5C%22%22%5D%7D"}}