{"bill":{"name":["H.Con.Res.155"],"url":"https:\/\/www.congress.gov\/bill\/109th-congress\/house-concurrent-resolution\/155?q=%7B%22search%22%3A%5B%22%5C%22hconres155%5C%22%22%5D%7D&resultIndex=1","summary":[],"current-status":[{"status":"Passed House","details":{"actionDate":"2005-06-27","displayText":"Passed\/agreed to in House: On motion to suspend the rules and agree to the resolution Agreed to by the Yeas and Nays: (2\/3 required): 369 - 1 (Roll no. 323).(text: CR H5214)","externalActionCode":"8000","description":"Passed House"}}]},"congress-man":{"name":["Rep. Smith, Christopher H. [R-NJ-4]"],"url":"https:\/\/www.congress.gov\/member\/christopher-smith\/S000522?q=%7B%22search%22%3A%5B%22%5C%22hconres155%5C%22%22%5D%7D"}}