{"bill":{"name":["H.J.Res.68"],"url":"https:\/\/www.congress.gov\/bill\/109th-congress\/house-joint-resolution\/68?q=%7B%22search%22%3A%5B%22%5C%22hjres68%5C%22%22%5D%7D&resultIndex=1","summary":[],"current-status":[{"status":"Became Law","details":{"actionDate":"2005-09-30","displayText":"Became Public Law No: 109-77.","externalActionCode":"36000","description":"Became Law"}}]},"congress-man":{"name":["Rep. Lewis, Jerry [R-CA-41]"],"url":"https:\/\/www.congress.gov\/member\/jerry-lewis\/L000274?q=%7B%22search%22%3A%5B%22%5C%22hjres68%5C%22%22%5D%7D"}}