{"bill":{"name":["H.J.Res.19"],"url":"https:\/\/www.congress.gov\/bill\/109th-congress\/house-joint-resolution\/19?q=%7B%22search%22%3A%5B%22%5C%22hjres19%5C%22%22%5D%7D&resultIndex=1","summary":[],"current-status":[{"status":"Became Law","details":{"actionDate":"2005-05-05","displayText":"Became Public Law No: 109-11.","externalActionCode":"36000","description":"Became Law"}}]},"congress-man":{"name":["Rep. Johnson, Sam [R-TX-3]"],"url":"https:\/\/www.congress.gov\/member\/sam-johnson\/J000174?q=%7B%22search%22%3A%5B%22%5C%22hjres19%5C%22%22%5D%7D"}}