{"bill":{"name":["H.J.Res.65"],"url":"https:\/\/www.congress.gov\/bill\/109th-congress\/house-joint-resolution\/65?q=%7B%22search%22%3A%5B%22%5C%22hjres65%5C%22%22%5D%7D&resultIndex=1","summary":["Congressional Bills 109th CongressFrom the US Government Printing OfficeHJ Res 65 Reported in House RH Union Calendar No 132109th CONGRESS 1st SessionH J RES 65 Report No 109243 Disapproving the recommendations of the Defense Base Closure and Realignment Commission IN THE HOUSE OF REPRESENTATIVES September 20 2005 Mr LaHood introduced the following joint resolution which was referred to the Committee on Armed Services September 29 2005Additional sponsors Mr Gene Green of Texas Mr Holt Mr Barrow Mr Pallone Mr Evans Mr Abercrombie Mr Fitzpatrick of Pennsylvania Mr Smith of New Jersey and Mr Scott of Georgia September 29 2005 Reported adversely from the Committee on Armed Services committed to the Committee of the Whole House on the State of the Union and ordered to be printed JOINT RESOLUTION Disapproving the recommendations of the Defense Base Closure and Realignment Commission Resolved by the Senate and House of Representatives of the United States of America in Congress assembled That Congress disapproves the recommendations of the Defense Base Closure and Realignment Commission as submitted by the President on September 15 2005 Union Calendar No 132109th CONGRESS 1st Session H J RES 65 Report No 109243 JOINT RESOLUTION Disapproving the recommendations of the Defense Base Closure and Realignment Commission September 29 2005 Reported adversely from the Committee on Armed Services committed to the Committee of the Whole House on the State of the Union and ordered to be printed"],"current-status":[{"status":"Failed House","details":{"actionDate":"2005-10-27","displayText":"Failed of passage\/not agreed to in House: On passage Failed by recorded vote: 85 - 324, 1 Present (Roll no. 548).(consideration: CR H9309)","externalActionCode":"9000","description":"Failed House"}}]},"congress-man":{"name":["Rep. LaHood, Ray [R-IL-18]"],"url":"https:\/\/www.congress.gov\/member\/ray-lahood\/L000552?q=%7B%22search%22%3A%5B%22%5C%22hjres65%5C%22%22%5D%7D"}}