{"bill":{"name":["H.R.2528"],"url":"https:\/\/www.congress.gov\/bill\/109th-congress\/house-bill\/2528?q=%7B%22search%22%3A%5B%22%5C%22hr2528%5C%22%22%5D%7D&resultIndex=1","summary":[],"current-status":[{"status":"Became Law","details":{"actionDate":"2005-11-30","displayText":"Became Public Law No: 109-114.","externalActionCode":"36000","description":"Became Law"}}]},"congress-man":{"name":["Rep. Walsh, James T. [R-NY-25]"],"url":"https:\/\/www.congress.gov\/member\/james-walsh\/W000099?q=%7B%22search%22%3A%5B%22%5C%22hr2528%5C%22%22%5D%7D"}}