{"bill":{"name":["H.R.741"],"url":"https:\/\/www.congress.gov\/bill\/109th-congress\/house-bill\/741?q=%7B%22search%22%3A%5B%22%5C%22hr741%5C%22%22%5D%7D&resultIndex=1","summary":["Congressional Bills 109th CongressFrom the US Government Printing OfficeHR 741 Reported in House RH Union Calendar No 29109th CONGRESS 1st Session H R 741 Report No 10950To amend the Occupational Safety and Health Act of 1970 to provide for judicial deference to conclusions of law determined by the Occupational Safety and Health Review Commission with respect to an order issued by the Commission IN THE HOUSE OF REPRESENTATIVES February 10 2005 Mr Norwood for himself Mr Boehner Mr Sam Johnson of Texas Mr McKeon Mr Ehlers Mrs Biggert Mr Keller Mr Wilson of South Carolina Mr Kline Mr Paul and Mr Neugebauer introduced the following bill which was referred to the Committee on Education and the Workforce April 21 2005Additional sponsors Mr Fortuno Mrs Drake Mr Pitts Mr Hall Mr Price of Georgia Mr Marchant Mr Sullivan Mrs Musgrave Mr Boustany Mr Barrett of South Carolina Mr Souder Ms Foxx and Mr Kuhl of New York April 21 2005 Reported with an amendment committed to the Committee of the Whole House on the State of the Union and ordered to be printed Strike out all after the enacting clause and insert the part printed in italic A BILL To amend the Occupational Safety and Health Act of 1970 to provide for judicial deference to conclusions of law determined by the Occupational Safety and Health Review Commission with respect to an order issued by the Commission Be it enacted by the Senate and House of Representatives of the United States of America in Congress assembledltDELETEDgtSECTION 1 SHORT TITLEltDELETEDgtltDELETEDgt This Act may be cited as the Occupational Safety and Health Independent Review of OSHA Citations Act of 2005ltDELETEDgtltDELETEDgtSEC 2 JUDICIAL DEFERENCEltDELETEDgtltDELETEDgt Section 11a of the Occupational Safety and Health Act of 1970 29 USC 660a is amended in the sixth sentence by inserting before the period the following  and with respect to such record the conclusions of the Commission with respect to questions of law that are subject to agency deference under governing court precedent shall be given deference if reasonableltDELETEDgtSECTION 1 SHORT TITLE This Act may be cited as the Occupational Safety and Health Independent Review of OSHA Citations Act of 2005SEC 2 INDEPENDENT REVIEW Section 11a of the Occupational Safety and Health Act of 1970 29 USC 660 is amended by adding at the end the following The conclusions of the Commission with respect to all questions of law that are subject to agency deference under governing court precedent shall be given deference if reasonable Union Calendar No 29109th CONGRESS 1st Session H R 741 Report No 10950 A BILLTo amend the Occupational Safety and Health Act of 1970 to provide for judicial deference to conclusions of law determined by the Occupational Safety and Health Review Commission with respect to an order issued by the Commission April 21 2005 Reported with an amendment committed to the Committee of the Whole House on the State of the Union and ordered to be printed"],"current-status":[{"status":"Passed House","details":{"actionDate":"2005-07-12","displayText":"Passed\/agreed to in House: On passage Passed by the Yeas and Nays: 226 - 197 (Roll no. 371).(text: CR H5693)","externalActionCode":"8000","description":"Passed House"}}]},"congress-man":{"name":["Rep. Norwood, Charles W. [R-GA-9]"],"url":"https:\/\/www.congress.gov\/member\/charles-norwood\/N000159?q=%7B%22search%22%3A%5B%22%5C%22hr741%5C%22%22%5D%7D"}}