{"bill":{"name":["H.R.2601"],"url":"https:\/\/www.congress.gov\/bill\/109th-congress\/house-bill\/2601?q=%7B%22search%22%3A%5B%22%5C%22hr2601%5C%22%22%5D%7D&resultIndex=1","summary":[],"current-status":[{"status":"Passed House","details":{"actionDate":"2005-07-20","displayText":"Passed\/agreed to in House: On passage Passed by recorded vote: 351 - 78 (Roll no. 399).","externalActionCode":"8000","description":"Passed House"}}]},"congress-man":{"name":["Rep. Smith, Christopher H. [R-NJ-4]"],"url":"https:\/\/www.congress.gov\/member\/christopher-smith\/S000522?q=%7B%22search%22%3A%5B%22%5C%22hr2601%5C%22%22%5D%7D"}}