{"bill":{"name":["H.R.4054"],"url":"https:\/\/www.congress.gov\/bill\/109th-congress\/house-bill\/4054?q=%7B%22search%22%3A%5B%22%5C%22hr4054%5C%22%22%5D%7D&resultIndex=1","summary":[],"current-status":[{"status":"Passed House","details":{"actionDate":"2006-03-07","displayText":"Passed\/agreed to in House: On motion to suspend the rules and pass the bill Agreed to by the Yeas and Nays: (2\/3 required): 413 - 1 (Roll no. 19).(text: CR H578)","externalActionCode":"8000","description":"Passed House"}}]},"congress-man":{"name":["Rep. Sullivan, John [R-OK-1]"],"url":"https:\/\/www.congress.gov\/member\/john-sullivan\/S001155?q=%7B%22search%22%3A%5B%22%5C%22hr4054%5C%22%22%5D%7D"}}