{"bill":{"name":["H.R.1544"],"url":"https:\/\/www.congress.gov\/bill\/109th-congress\/house-bill\/1544?q=%7B%22search%22%3A%5B%22%5C%22hr1544%5C%22%22%5D%7D&resultIndex=1","summary":[],"current-status":[{"status":"Passed House","details":{"actionDate":"2005-05-12","displayText":"Passed\/agreed to in House: On passage Passed by recorded vote: 409 - 10 (Roll no. 170).","externalActionCode":"8000","description":"Passed House"}}]},"congress-man":{"name":["Rep. Cox, Christopher [R-CA-48]"],"url":"https:\/\/www.congress.gov\/member\/christopher-cox\/C000830?q=%7B%22search%22%3A%5B%22%5C%22hr1544%5C%22%22%5D%7D"}}