{"bill":{"name":["H.R.3130"],"url":"https:\/\/www.congress.gov\/bill\/109th-congress\/house-bill\/3130?q=%7B%22search%22%3A%5B%22%5C%22hr3130%5C%22%22%5D%7D&resultIndex=1","summary":[],"current-status":[{"status":"Passed House","details":{"actionDate":"2005-06-30","displayText":"Passed\/agreed to in House: On motion to suspend the rules and pass the bill Agreed to by the Yeas and Nays: (2\/3 required): 419 - 0 (Roll no. 362).(text as passed House: CR H5585)","externalActionCode":"8000","description":"Passed House"}}]},"congress-man":{"name":["Rep. Walsh, James T. [R-NY-25]"],"url":"https:\/\/www.congress.gov\/member\/james-walsh\/W000099?q=%7B%22search%22%3A%5B%22%5C%22hr3130%5C%22%22%5D%7D"}}