{"bill":{"name":["H.R.4411"],"url":"https:\/\/www.congress.gov\/bill\/109th-congress\/house-bill\/4411?q=%7B%22search%22%3A%5B%22%5C%22hr4411%5C%22%22%5D%7D&resultIndex=1","summary":[],"current-status":[{"status":"Passed House","details":{"actionDate":"2006-07-11","displayText":"Passed\/agreed to in House: On passage Passed by recorded vote: 317 - 93 (Roll no. 363).(text: CR H4980-4983)","externalActionCode":"8000","description":"Passed House"}}]},"congress-man":{"name":["Rep. Leach, James A. [R-IA-2]"],"url":"https:\/\/www.congress.gov\/member\/jim-leach\/L000169?q=%7B%22search%22%3A%5B%22%5C%22hr4411%5C%22%22%5D%7D"}}