{"bill":{"name":["H.R.2990"],"url":"https:\/\/www.congress.gov\/bill\/109th-congress\/house-bill\/2990?q=%7B%22search%22%3A%5B%22%5C%22hr2990%5C%22%22%5D%7D&resultIndex=1","summary":[],"current-status":[{"status":"Passed House","details":{"actionDate":"2006-07-12","displayText":"Passed\/agreed to in House: On passage Passed by recorded vote: 255 - 166 (Roll no. 368).","externalActionCode":"8000","description":"Passed House"}}]},"congress-man":{"name":["Rep. Fitzpatrick, Michael G. [R-PA-8]"],"url":"https:\/\/www.congress.gov\/member\/michael-fitzpatrick\/F000451?q=%7B%22search%22%3A%5B%22%5C%22hr2990%5C%22%22%5D%7D"}}