{"bill":{"name":["H.R.3945"],"url":"https:\/\/www.congress.gov\/bill\/109th-congress\/house-bill\/3945?q=%7B%22search%22%3A%5B%22%5C%22hr3945%5C%22%22%5D%7D&resultIndex=1","summary":[],"current-status":[{"status":"Passed House","details":{"actionDate":"2005-10-27","displayText":"Passed\/agreed to in House: On motion to suspend the rules and pass the bill, as amended Agreed to by the Yeas and Nays: (2\/3 required): 411 - 0 (Roll no. 549).(text: CR 10\/26\/2005 H9123-9124)","externalActionCode":"8000","description":"Passed House"}}]},"congress-man":{"name":["Rep. Baker, Richard H. [R-LA-6]"],"url":"https:\/\/www.congress.gov\/member\/richard-baker\/B000072?q=%7B%22search%22%3A%5B%22%5C%22hr3945%5C%22%22%5D%7D"}}