{"bill":{"name":["H.R.3057"],"url":"https:\/\/www.congress.gov\/bill\/109th-congress\/house-bill\/3057?q=%7B%22search%22%3A%5B%22%5C%22hr3057%5C%22%22%5D%7D&resultIndex=1","summary":[],"current-status":[{"status":"Became Law","details":{"actionDate":"2005-11-14","displayText":"Became Public Law No: 109-102.","externalActionCode":"36000","description":"Became Law"}}]},"congress-man":{"name":["Rep. Kolbe, Jim [R-AZ-8]"],"url":"https:\/\/www.congress.gov\/member\/jim-kolbe\/K000306?q=%7B%22search%22%3A%5B%22%5C%22hr3057%5C%22%22%5D%7D"}}