{"bill":{"name":["H.R.5061"],"url":"https:\/\/www.congress.gov\/bill\/109th-congress\/house-bill\/5061?q=%7B%22search%22%3A%5B%22%5C%22hr5061%5C%22%22%5D%7D&resultIndex=1","summary":[],"current-status":[{"status":"Became Law","details":{"actionDate":"2006-12-12","displayText":"Became Public Law No: 109-388.","externalActionCode":"36000","description":"Became Law"}}]},"congress-man":{"name":["Rep. Boucher, Rick [D-VA-9]"],"url":"https:\/\/www.congress.gov\/member\/rick-boucher\/B000657?q=%7B%22search%22%3A%5B%22%5C%22hr5061%5C%22%22%5D%7D"}}