{"bill":{"name":["H.R.5"],"url":"https:\/\/www.congress.gov\/bill\/109th-congress\/house-bill\/5?q=%7B%22search%22%3A%5B%22%5C%22hr5%5C%22%22%5D%7D&resultIndex=1","summary":[],"current-status":[{"status":"Passed House","details":{"actionDate":"2005-07-28","displayText":"Passed\/agreed to in House: On passage Passed by recorded vote: 230 - 194, 2 Present (Roll no. 449).(text: CR H6974-6977)","externalActionCode":"8000","description":"Passed House"}}]},"congress-man":{"name":["Rep. Gingrey, Phil [R-GA-11]"],"url":"https:\/\/www.congress.gov\/member\/phil-gingrey\/G000550?q=%7B%22search%22%3A%5B%22%5C%22hr5%5C%22%22%5D%7D"}}