{"bill":{"name":["H.R.5385"],"url":"https:\/\/www.congress.gov\/bill\/109th-congress\/house-bill\/5385?q=%7B%22search%22%3A%5B%22%5C%22hr5385%5C%22%22%5D%7D&resultIndex=1","summary":[],"current-status":[{"status":"Resolving Differences","details":{"actionDate":"2006-12-06","displayText":"","externalActionCode":"20000","description":"Resolving Differences"}}]},"congress-man":{"name":["Rep. Walsh, James T. [R-NY-25]"],"url":"https:\/\/www.congress.gov\/member\/james-walsh\/W000099?q=%7B%22search%22%3A%5B%22%5C%22hr5385%5C%22%22%5D%7D"}}