{"bill":{"name":["H.R.4804"],"url":"https:\/\/www.congress.gov\/bill\/109th-congress\/house-bill\/4804?q=%7B%22search%22%3A%5B%22%5C%22hr4804%5C%22%22%5D%7D&resultIndex=1","summary":[],"current-status":[{"status":"Passed House","details":{"actionDate":"2006-07-25","displayText":"Passed\/agreed to in House: On motion to suspend the rules and pass the bill, as amended Agreed to by the Yeas and Nays: (2\/3 required): 412 - 4 (Roll no. 398).(text: CR H5731-5732)","externalActionCode":"8000","description":"Passed House"}}]},"congress-man":{"name":["Rep. Tiberi, Patrick J. [R-OH-12]"],"url":"https:\/\/www.congress.gov\/member\/patrick-tiberi\/T000462?q=%7B%22search%22%3A%5B%22%5C%22hr4804%5C%22%22%5D%7D"}}