{"bill":{"name":["H.R.2863"],"url":"https:\/\/www.congress.gov\/bill\/109th-congress\/house-bill\/2863?q=%7B%22search%22%3A%5B%22%5C%22hr2863%5C%22%22%5D%7D&resultIndex=1","summary":[],"current-status":[{"status":"Became Law","details":{"actionDate":"2005-12-30","displayText":"Became Public Law No: 109-148.","externalActionCode":"36000","description":"Became Law"}}]},"congress-man":{"name":["Rep. Young, C. W. Bill [R-FL-10]"],"url":"https:\/\/www.congress.gov\/member\/c-w-young\/Y000031?q=%7B%22search%22%3A%5B%22%5C%22hr2863%5C%22%22%5D%7D"}}