{"bill":{"name":["H.R.4954"],"url":"https:\/\/www.congress.gov\/bill\/109th-congress\/house-bill\/4954?q=%7B%22search%22%3A%5B%22%5C%22hr4954%5C%22%22%5D%7D&resultIndex=1","summary":[],"current-status":[{"status":"Became Law","details":{"actionDate":"2006-10-13","displayText":"Became Public Law No: 109-347.","externalActionCode":"36000","description":"Became Law"}}]},"congress-man":{"name":["Rep. Lungren, Daniel E. [R-CA-3]"],"url":"https:\/\/www.congress.gov\/member\/daniel-lungren\/L000517?q=%7B%22search%22%3A%5B%22%5C%22hr4954%5C%22%22%5D%7D"}}