{"bill":{"name":["H.R.3256"],"url":"https:\/\/www.congress.gov\/bill\/109th-congress\/house-bill\/3256?q=%7B%22search%22%3A%5B%22%5C%22hr3256%5C%22%22%5D%7D&resultIndex=1","summary":[],"current-status":[{"status":"Became Law","details":{"actionDate":"2006-03-20","displayText":"Became Public Law No: 109-190.","externalActionCode":"36000","description":"Became Law"}}]},"congress-man":{"name":["Rep. Murphy, Tim [R-PA-18]"],"url":"https:\/\/www.congress.gov\/member\/tim-murphy\/M001151?q=%7B%22search%22%3A%5B%22%5C%22hr3256%5C%22%22%5D%7D"}}