{"bill":{"name":["H.R.5020"],"url":"https:\/\/www.congress.gov\/bill\/109th-congress\/house-bill\/5020?q=%7B%22search%22%3A%5B%22%5C%22hr5020%5C%22%22%5D%7D&resultIndex=1","summary":[],"current-status":[{"status":"Passed House","details":{"actionDate":"2006-04-26","displayText":"Passed\/agreed to in House: On passage Passed by recorded vote: 327 - 96 (Roll no. 108).","externalActionCode":"8000","description":"Passed House"}}]},"congress-man":{"name":["Rep. Hoekstra, Peter [R-MI-2]"],"url":"https:\/\/www.congress.gov\/member\/peter-hoekstra\/H000676?q=%7B%22search%22%3A%5B%22%5C%22hr5020%5C%22%22%5D%7D"}}