{"bill":{"name":["H.R.3085"],"url":"https:\/\/www.congress.gov\/bill\/109th-congress\/house-bill\/3085?q=%7B%22search%22%3A%5B%22%5C%22hr3085%5C%22%22%5D%7D&resultIndex=1","summary":[],"current-status":[{"status":"Became Law","details":{"actionDate":"2006-12-01","displayText":"Became Public Law No: 109-378.","externalActionCode":"36000","description":"Became Law"}}]},"congress-man":{"name":["Rep. Wamp, Zach [R-TN-3]"],"url":"https:\/\/www.congress.gov\/member\/zach-wamp\/W000119?q=%7B%22search%22%3A%5B%22%5C%22hr3085%5C%22%22%5D%7D"}}