{"bill":{"name":["H.R.3402"],"url":"https:\/\/www.congress.gov\/bill\/109th-congress\/house-bill\/3402?q=%7B%22search%22%3A%5B%22%5C%22hr3402%5C%22%22%5D%7D&resultIndex=1","summary":[],"current-status":[{"status":"Became Law","details":{"actionDate":"2006-01-05","displayText":"Became Public Law No: 109-162.","externalActionCode":"36000","description":"Became Law"}}]},"congress-man":{"name":["Rep. Sensenbrenner, F. James, Jr. [R-WI-5]"],"url":"https:\/\/www.congress.gov\/member\/f-sensenbrenner\/S000244?q=%7B%22search%22%3A%5B%22%5C%22hr3402%5C%22%22%5D%7D"}}