{"bill":{"name":["H.R.3858"],"url":"https:\/\/www.congress.gov\/bill\/109th-congress\/house-bill\/3858?q=%7B%22search%22%3A%5B%22%5C%22hr3858%5C%22%22%5D%7D&resultIndex=1","summary":[],"current-status":[{"status":"Became Law","details":{"actionDate":"2006-10-06","displayText":"Became Public Law No: 109-308.","externalActionCode":"36000","description":"Became Law"}}]},"congress-man":{"name":["Rep. Lantos, Tom [D-CA-12]"],"url":"https:\/\/www.congress.gov\/member\/tom-lantos\/L000090?q=%7B%22search%22%3A%5B%22%5C%22hr3858%5C%22%22%5D%7D"}}