{"bill":{"name":["H.R.841"],"url":"https:\/\/www.congress.gov\/bill\/109th-congress\/house-bill\/841?q=%7B%22search%22%3A%5B%22%5C%22hr841%5C%22%22%5D%7D&resultIndex=1","summary":[],"current-status":[{"status":"Passed House","details":{"actionDate":"2005-03-03","displayText":"Passed\/agreed to in House: On passage Passed by recorded vote: 329 - 68 (Roll no. 52).","externalActionCode":"8000","description":"Passed House"}}]},"congress-man":{"name":["Rep. Sensenbrenner, F. James, Jr. [R-WI-5]"],"url":"https:\/\/www.congress.gov\/member\/f-sensenbrenner\/S000244?q=%7B%22search%22%3A%5B%22%5C%22hr841%5C%22%22%5D%7D"}}