{"bill":{"name":["H.R.1973"],"url":"https:\/\/www.congress.gov\/bill\/109th-congress\/house-bill\/1973?q=%7B%22search%22%3A%5B%22%5C%22hr1973%5C%22%22%5D%7D&resultIndex=1","summary":[],"current-status":[{"status":"Became Law","details":{"actionDate":"2005-12-01","displayText":"Became Public Law No: 109-121.","externalActionCode":"36000","description":"Became Law"}}]},"congress-man":{"name":["Rep. Blumenauer, Earl [D-OR-3]"],"url":"https:\/\/www.congress.gov\/member\/earl-blumenauer\/B000574?q=%7B%22search%22%3A%5B%22%5C%22hr1973%5C%22%22%5D%7D"}}