{"bill":{"name":["H.R.1053"],"url":"https:\/\/www.congress.gov\/bill\/109th-congress\/house-bill\/1053?q=%7B%22search%22%3A%5B%22%5C%22hr1053%5C%22%22%5D%7D&resultIndex=1","summary":[],"current-status":[{"status":"Became Law","details":{"actionDate":"2006-03-23","displayText":"Became Public Law No: 109-205.","externalActionCode":"36000","description":"Became Law"}}]},"congress-man":{"name":["Rep. Gerlach, Jim [R-PA-6]"],"url":"https:\/\/www.congress.gov\/member\/jim-gerlach\/G000549?q=%7B%22search%22%3A%5B%22%5C%22hr1053%5C%22%22%5D%7D"}}