{"bill":{"name":["H.R.2830"],"url":"https:\/\/www.congress.gov\/bill\/109th-congress\/house-bill\/2830?q=%7B%22search%22%3A%5B%22%5C%22hr2830%5C%22%22%5D%7D&resultIndex=1","summary":[],"current-status":[{"status":"Resolving Differences","details":{"actionDate":"2006-03-03","displayText":"","externalActionCode":"20000","description":"Resolving Differences"}}]},"congress-man":{"name":["Rep. Boehner, John A. [R-OH-8]"],"url":"https:\/\/www.congress.gov\/member\/john-boehner\/B000589?q=%7B%22search%22%3A%5B%22%5C%22hr2830%5C%22%22%5D%7D"}}