{"bill":{"name":["H.R.5631"],"url":"https:\/\/www.congress.gov\/bill\/109th-congress\/house-bill\/5631?q=%7B%22search%22%3A%5B%22%5C%22hr5631%5C%22%22%5D%7D&resultIndex=1","summary":[],"current-status":[{"status":"Became Law","details":{"actionDate":"2006-09-29","displayText":"Became Public Law No: 109-289.","externalActionCode":"36000","description":"Became Law"}}]},"congress-man":{"name":["Rep. Young, C. W. Bill [R-FL-10]"],"url":"https:\/\/www.congress.gov\/member\/c-w-young\/Y000031?q=%7B%22search%22%3A%5B%22%5C%22hr5631%5C%22%22%5D%7D"}}