{"bill":{"name":["H.R.4241"],"url":"https:\/\/www.congress.gov\/bill\/109th-congress\/house-bill\/4241?q=%7B%22search%22%3A%5B%22%5C%22hr4241%5C%22%22%5D%7D&resultIndex=1","summary":[],"current-status":[{"status":"Passed House","details":{"actionDate":"2005-11-18","displayText":"Passed\/agreed to in House: On passage Passed by recorded vote: 217 - 215 (Roll no. 601).(text: CR 11\/17\/2005 H10545-10617)","externalActionCode":"8000","description":"Passed House"}}]},"congress-man":{"name":["Rep. Nussle, Jim [R-IA-1]"],"url":"https:\/\/www.congress.gov\/member\/jim-nussle\/N000172?q=%7B%22search%22%3A%5B%22%5C%22hr4241%5C%22%22%5D%7D"}}