{"bill":{"name":["H.R.4340"],"url":"https:\/\/www.congress.gov\/bill\/109th-congress\/house-bill\/4340?q=%7B%22search%22%3A%5B%22%5C%22hr4340%5C%22%22%5D%7D&resultIndex=1","summary":[],"current-status":[{"status":"Became Law","details":{"actionDate":"2006-01-11","displayText":"Became Public Law No: 109-169.","externalActionCode":"36000","description":"Became Law"}}]},"congress-man":{"name":["Rep. Blunt, Roy [R-MO-7]"],"url":"https:\/\/www.congress.gov\/member\/roy-blunt\/B000575?q=%7B%22search%22%3A%5B%22%5C%22hr4340%5C%22%22%5D%7D"}}