{"bill":{"name":["H.R.3649"],"url":"https:\/\/www.congress.gov\/bill\/109th-congress\/house-bill\/3649?q=%7B%22search%22%3A%5B%22%5C%22hr3649%5C%22%22%5D%7D&resultIndex=1","summary":[],"current-status":[{"status":"Became Law","details":{"actionDate":"2005-09-29","displayText":"Became Public Law No: 109-74.","externalActionCode":"36000","description":"Became Law"}}]},"congress-man":{"name":["Rep. Young, Don [R-AK-At Large]"],"url":"https:\/\/www.congress.gov\/member\/don-young\/Y000033?q=%7B%22search%22%3A%5B%22%5C%22hr3649%5C%22%22%5D%7D"}}