{"bill":{"name":["H.R.513"],"url":"https:\/\/www.congress.gov\/bill\/109th-congress\/house-bill\/513?q=%7B%22search%22%3A%5B%22%5C%22hr513%5C%22%22%5D%7D&resultIndex=1","summary":[],"current-status":[{"status":"Passed House","details":{"actionDate":"2006-04-05","displayText":"Passed\/agreed to in House: On passage Passed by the Yeas and Nays: 218 - 209 (Roll no. 88).(text: CR H1516-1518)","externalActionCode":"8000","description":"Passed House"}}]},"congress-man":{"name":["Rep. Shays, Christopher [R-CT-4]"],"url":"https:\/\/www.congress.gov\/member\/christopher-shays\/S001144?q=%7B%22search%22%3A%5B%22%5C%22hr513%5C%22%22%5D%7D"}}