{"bill":{"name":["H.R.3675"],"url":"https:\/\/www.congress.gov\/bill\/109th-congress\/house-bill\/3675?q=%7B%22search%22%3A%5B%22%5C%22hr3675%5C%22%22%5D%7D&resultIndex=1","summary":[],"current-status":[{"status":"Passed House","details":{"actionDate":"2005-10-25","displayText":"Passed\/agreed to in House: On motion to suspend the rules and pass the bill Agreed to by the Yeas and Nays: (2\/3 required): 399 - 3 (Roll no. 536).(text: CR H9056)","externalActionCode":"8000","description":"Passed House"}}]},"congress-man":{"name":["Rep. Bass, Charles F. [R-NH-2]"],"url":"https:\/\/www.congress.gov\/member\/charles-bass\/B000220?q=%7B%22search%22%3A%5B%22%5C%22hr3675%5C%22%22%5D%7D"}}