{"bill":{"name":["H.R.6095"],"url":"https:\/\/www.congress.gov\/bill\/109th-congress\/house-bill\/6095?q=%7B%22search%22%3A%5B%22%5C%22hr6095%5C%22%22%5D%7D&resultIndex=1","summary":[],"current-status":[{"status":"Passed House","details":{"actionDate":"2006-09-21","displayText":"Passed\/agreed to in House: On passage Passed by the Yeas and Nays: 277 - 140 (Roll no. 468).(text: CR H6880-6881)","externalActionCode":"8000","description":"Passed House"}}]},"congress-man":{"name":["Rep. Sensenbrenner, F. James, Jr. [R-WI-5]"],"url":"https:\/\/www.congress.gov\/member\/f-sensenbrenner\/S000244?q=%7B%22search%22%3A%5B%22%5C%22hr6095%5C%22%22%5D%7D"}}