{"bill":{"name":["H.R.2361"],"url":"https:\/\/www.congress.gov\/bill\/109th-congress\/house-bill\/2361?q=%7B%22search%22%3A%5B%22%5C%22hr2361%5C%22%22%5D%7D&resultIndex=1","summary":[],"current-status":[{"status":"Became Law","details":{"actionDate":"2005-08-02","displayText":"Became Public Law No: 109-54.","externalActionCode":"36000","description":"Became Law"}}]},"congress-man":{"name":["Rep. Taylor, Charles H. [R-NC-11]"],"url":"https:\/\/www.congress.gov\/member\/charles-taylor\/T000067?q=%7B%22search%22%3A%5B%22%5C%22hr2361%5C%22%22%5D%7D"}}