{"bill":{"name":["H.R.4681"],"url":"https:\/\/www.congress.gov\/bill\/109th-congress\/house-bill\/4681?q=%7B%22search%22%3A%5B%22%5C%22hr4681%5C%22%22%5D%7D&resultIndex=1","summary":[],"current-status":[{"status":"Passed House","details":{"actionDate":"2006-05-23","displayText":"Passed\/agreed to in House: On motion to suspend the rules and pass the bill, as amended Agreed to by the Yeas and Nays: (2\/3 required): 361 - 37, 9 Present (Roll no. 181).(text: CR 5\/22\/2006 H2990-2992)","externalActionCode":"8000","description":"Passed House"}}]},"congress-man":{"name":["Rep. Ros-Lehtinen, Ileana [R-FL-18]"],"url":"https:\/\/www.congress.gov\/member\/ileana-ros-lehtinen\/R000435?q=%7B%22search%22%3A%5B%22%5C%22hr4681%5C%22%22%5D%7D"}}