{"bill":{"name":["H.R.4096"],"url":"https:\/\/www.congress.gov\/bill\/109th-congress\/house-bill\/4096?q=%7B%22search%22%3A%5B%22%5C%22hr4096%5C%22%22%5D%7D&resultIndex=1","summary":[],"current-status":[{"status":"Passed House","details":{"actionDate":"2005-12-07","displayText":"Passed\/agreed to in House: On motion to suspend the rules and pass the bill Agreed to by the Yeas and Nays: (2\/3 required): 414 - 4 (Roll no. 613).(text: CR H11141)","externalActionCode":"8000","description":"Passed House"}}]},"congress-man":{"name":["Rep. Reynolds, Thomas M. [R-NY-26]"],"url":"https:\/\/www.congress.gov\/member\/thomas-reynolds\/R000569?q=%7B%22search%22%3A%5B%22%5C%22hr4096%5C%22%22%5D%7D"}}