{"bill":{"name":["H.R.5037"],"url":"https:\/\/www.congress.gov\/bill\/109th-congress\/house-bill\/5037?q=%7B%22search%22%3A%5B%22%5C%22hr5037%5C%22%22%5D%7D&resultIndex=1","summary":[],"current-status":[{"status":"Became Law","details":{"actionDate":"2006-05-29","displayText":"Became Public Law No: 109-228.","externalActionCode":"36000","description":"Became Law"}}]},"congress-man":{"name":["Rep. Rogers, Mike J. [R-MI-8]"],"url":"https:\/\/www.congress.gov\/member\/mike-rogers\/R000572?q=%7B%22search%22%3A%5B%22%5C%22hr5037%5C%22%22%5D%7D"}}