{"bill":{"name":["H.R.6115"],"url":"https:\/\/www.congress.gov\/bill\/109th-congress\/house-bill\/6115?q=%7B%22search%22%3A%5B%22%5C%22hr6115%5C%22%22%5D%7D&resultIndex=1","summary":["Congressional Bills 109th CongressFrom the US Government Printing OfficeHR 6115 Referred in Senate RFS 2d Session H R 6115 IN THE SENATE OF THE UNITED STATES September 28 2006 Received November 13 2006 Read twice and referred to the Committee on Banking Housing and Urban Affairs AN ACT To extend the authority of the Secretary of Housing and Urban Development to restructure mortgages and rental assistance for certain assisted multifamily housing Be it enacted by the Senate and House of Representatives of the United States of America in Congress assembledSECTION 1 SHORT TITLE This Act may be cited as the MarktoMarket Extension Act of 2006SEC 2 REAUTHORIZATION Section 579 of the Multifamily Assisted Housing Reform and Affordability Act of 1997 42 USC 1437f note is amended 1 in subsection a1 by striking October 1 2006 and inserting October 1 2011 and 2 in subsection b by striking October 1 2006 and inserting October 1 2011SEC 3 EXCEPTION RENTS Section 514g2A of the Multifamily Assisted Housing Reform and Affordability Act of 1997 42 USC 1437f note is amended by striking five percent and inserting nine percentSEC 4 PERIOD OF ELIGIBILITY FOR NONPROFIT DEBT RELIEF Section 517a5 of the Multifamily Assisted Housing Reform and Affordability Act of 1997 42 USC 1437f note is amended by inserting before the period at the end the following  Provided That if such purchaser acquires such project subsequent to the date of recordation of the affordability agreement described in section 514e6 A such purchaser must acquire such project on or before the later of i five years after the date of recordation of the affordability agreement and ii two years after the date of enactment of this title and B the Secretary must have received and determined acceptable such purchasers application for modification assignment or forgiveness prior to such purchasers acquisition of the projectSEC 5 DEFINITIONS Section 512 of the Multifamily Assisted Housing Reform and Affordability Act of 1997 42 USC 1437f note is amended by adding at the end the following new paragraph 20 Disasterdamaged eligible projectThe term disasterdamaged eligible project means an eligible multifamily housing project A that is located in a county that was declared a major disaster area on or after January 1 2005 by the President pursuant to the Robert T Stafford Disaster Relief and Emergency Assistance Act 42 USC 5121 et seq B whose owner carried casualty and liability insurance covering such project in amounts required by the Secretary C that suffered damages not covered by such insurance that the Secretary determines are likely to exceed 5000 per unit in connection with the natural disaster that was the subject of such designation and D whose owner requests restructuring within two years following the date that such damages were incurred Disasterdamaged eligible projects shall be eligible without regard to the relationship between rent level for the assisted units and comparable market rentsSEC 6 DISASTERDAMAGED ELIGIBLE PROJECTS a Market Rent DeterminationsSubparagraph B of section 514g1 of the Multifamily Assisted Housing Reform and Affordability Act of 1997 42 USC 1437f note is amended to read as follows B if those rents cannot be determined i with respect to a disasterdamaged eligible project are equal to 100 percent of the fair market rents for the relevant market area in effect at the time of such disaster and ii with respect to other eligible multifamily housing projects are equal to 90 percent of the fair market rents for the relevant market area b Owner InvestmentSection 517c of the Multifamily Assisted Housing Reform and Affordability Act of 1997 42 USC 1437f note is amended by adding at the end the following new paragraph 3 Properties damaged by natural disastersWith respect to a disasterdamaged eligible project the owner contribution toward rehabilitation needs shall be determined in accordance with paragraph 2C Passed the House of Representatives September 27 2006 Attest KAREN L HAAS Clerk"],"current-status":[{"status":"Passed House","details":{"actionDate":"2006-09-27","displayText":"Passed\/agreed to in House: On motion to suspend the rules and pass the bill Agreed to by the Yeas and Nays: (2\/3 required): 416 - 1 (Roll no. 493).(text: CR H7571)","externalActionCode":"8000","description":"Passed House"}}]},"congress-man":{"name":["Rep. Pryce, Deborah [R-OH-15]"],"url":"https:\/\/www.congress.gov\/member\/deborah-pryce\/P000555?q=%7B%22search%22%3A%5B%22%5C%22hr6115%5C%22%22%5D%7D"}}