{"bill":{"name":["H.R.4200"],"url":"https:\/\/www.congress.gov\/bill\/109th-congress\/house-bill\/4200?q=%7B%22search%22%3A%5B%22%5C%22hr4200%5C%22%22%5D%7D&resultIndex=1","summary":[],"current-status":[{"status":"Passed House","details":{"actionDate":"2006-05-17","displayText":"Passed\/agreed to in House: On passage Passed by recorded vote: 243 - 182 (Roll No. 151).","externalActionCode":"8000","description":"Passed House"}}]},"congress-man":{"name":["Rep. Walden, Greg [R-OR-2]"],"url":"https:\/\/www.congress.gov\/member\/greg-walden\/W000791?q=%7B%22search%22%3A%5B%22%5C%22hr4200%5C%22%22%5D%7D"}}