{"bill":{"name":["H.R.2679"],"url":"https:\/\/www.congress.gov\/bill\/109th-congress\/house-bill\/2679?q=%7B%22search%22%3A%5B%22%5C%22hr2679%5C%22%22%5D%7D&resultIndex=1","summary":["Congressional Bills 109th CongressFrom the US Government Printing OfficeHR 2679 Referred in Senate RFS 2d Session H R 2679 IN THE SENATE OF THE UNITED STATES September 27 2006 Received November 13 2006 Read twice and referred to the Committee on the Judiciary AN ACT To amend the Revised Statutes of the United States to prevent the use of the legal system in a manner that extorts money from State and local governments and the Federal Government and inhibits such governments constitutional actions under the first tenth and fourteenth amendments Be it enacted by the Senate and House of Representatives of the United States of America in Congress assembledSECTION 1 SHORT TITLE This Act may be cited as the Veterans Memorials Boy Scouts Public Seals and Other Public Expressions of Religion Protection Act of 2006SEC 2 LIMITATIONS ON CERTAIN LAWSUITS AGAINST STATE AND LOCAL OFFICIALS a Civil Action for Deprivation of RightsSection 1979 of the Revised Statutes of the United States 42 USC 1983 is amended 1 by inserting a before the first sentence and 2 by adding at the end the following b The remedies with respect to a claim under this section are limited to injunctive and declaratory relief where the deprivation consists of a violation of a prohibition in the Constitution against the establishment of religion including but not limited to a violation resulting from 1 a veterans memorials containing religious words or imagery 2 a public buildings containing religious words or imagery 3 the presence of religious words or imagery in the official seals of the several States and the political subdivisions thereof or 4 the chartering of Boy Scout units by components of States and political subdivisions and the Boy Scouts using public buildings of States and political subdivisions b Attorneys FeesSection 722b of the Revised Statutes of the United States 42 USC 1988b is amended by adding at the end the following However no fees shall be awarded under this subsection with respect to a claim described in subsection b of section nineteen hundred and seventy nineSEC 3 LIMITATIONS ON CERTAIN LAWSUITS AGAINST THE UNITED STATES AND FEDERAL OFFICIALS a In GeneralNotwithstanding any other provision of law a court shall not award reasonable fees and expenses of attorneys to the prevailing party on a claim of injury consisting of the violation of a prohibition in the Constitution against the establishment of religion brought against the United States or any agency or any official of the United States acting in his or her official capacity in any court having jurisdiction over such claim and the remedies with respect to such a claim shall be limited to injunctive and declaratory relief b DefinitionAs used in this section the term a claim of injury consisting of the violation of a prohibition in the Constitution against the establishment of religion includes but is not limited to a claim of injury resulting from 1 a veterans memorials containing religious words or imagery 2 a Federal buildings containing religious words or imagery 3 the presence of religious words or imagery in the official seal of the United States and in its currency and official Pledge or 4 the chartering of Boy Scout units by components of the Armed Forces of the United States and by other public entities and the Boy Scouts using Department of Defense and other public installationsSEC 4 EFFECTIVE DATE This Act and the amendments made by this Act take effect on the date of the enactment of this Act and apply to any case that 1 is pending on such date of enactment or 2 is commenced on or after such date of enactment Passed the House of Representatives September 26 2006 Attest KAREN L HAAS Clerk"],"current-status":[{"status":"Passed House","details":{"actionDate":"2006-09-26","displayText":"Passed\/agreed to in House: On passage Passed by the Yeas and Nays: 244 - 173 (Roll no. 480).","externalActionCode":"8000","description":"Passed House"}}]},"congress-man":{"name":["Rep. Hostettler, John N. [R-IN-8]"],"url":"https:\/\/www.congress.gov\/member\/john-hostettler\/H000807?q=%7B%22search%22%3A%5B%22%5C%22hr2679%5C%22%22%5D%7D"}}