{"bill":{"name":["H.R.3200"],"url":"https:\/\/www.congress.gov\/bill\/109th-congress\/house-bill\/3200?q=%7B%22search%22%3A%5B%22%5C%22hr3200%5C%22%22%5D%7D&resultIndex=1","summary":[],"current-status":[{"status":"Became Law","details":{"actionDate":"2005-09-30","displayText":"Became Public Law No: 109-80.","externalActionCode":"36000","description":"Became Law"}}]},"congress-man":{"name":["Rep. Miller, Jeff [R-FL-1]"],"url":"https:\/\/www.congress.gov\/member\/jeff-miller\/M001144?q=%7B%22search%22%3A%5B%22%5C%22hr3200%5C%22%22%5D%7D"}}