{"bill":{"name":["H.R.2862"],"url":"https:\/\/www.congress.gov\/bill\/109th-congress\/house-bill\/2862?q=%7B%22search%22%3A%5B%22%5C%22hr2862%5C%22%22%5D%7D&resultIndex=1","summary":[],"current-status":[{"status":"Became Law","details":{"actionDate":"2005-11-22","displayText":"Became Public Law No: 109-108.","externalActionCode":"36000","description":"Became Law"}}]},"congress-man":{"name":["Rep. Wolf, Frank R. [R-VA-10]"],"url":"https:\/\/www.congress.gov\/member\/frank-wolf\/W000672?q=%7B%22search%22%3A%5B%22%5C%22hr2862%5C%22%22%5D%7D"}}