{"bill":{"name":["H.R.4843"],"url":"https:\/\/www.congress.gov\/bill\/109th-congress\/house-bill\/4843?q=%7B%22search%22%3A%5B%22%5C%22hr4843%5C%22%22%5D%7D&resultIndex=1","summary":[],"current-status":[{"status":"Passed House","details":{"actionDate":"2006-06-27","displayText":"Passed\/agreed to in House: On motion to suspend the rules and pass the bill, as amended Agreed to by the Yeas and Nays: (2\/3 required): 408 - 0 (Roll no. 321).(text: CR 6\/26\/2006 H4528)","externalActionCode":"8000","description":"Passed House"}}]},"congress-man":{"name":["Rep. Miller, Jeff [R-FL-1]"],"url":"https:\/\/www.congress.gov\/member\/jeff-miller\/M001144?q=%7B%22search%22%3A%5B%22%5C%22hr4843%5C%22%22%5D%7D"}}