{"bill":{"name":["H.R.972"],"url":"https:\/\/www.congress.gov\/bill\/109th-congress\/house-bill\/972?q=%7B%22search%22%3A%5B%22%5C%22hr972%5C%22%22%5D%7D&resultIndex=1","summary":[],"current-status":[{"status":"Became Law","details":{"actionDate":"2006-01-10","displayText":"Became Public Law No: 109-164.","externalActionCode":"36000","description":"Became Law"}}]},"congress-man":{"name":["Rep. Smith, Christopher H. [R-NJ-4]"],"url":"https:\/\/www.congress.gov\/member\/christopher-smith\/S000522?q=%7B%22search%22%3A%5B%22%5C%22hr972%5C%22%22%5D%7D"}}