{"bill":{"name":["H.R.4882"],"url":"https:\/\/www.congress.gov\/bill\/109th-congress\/house-bill\/4882?q=%7B%22search%22%3A%5B%22%5C%22hr4882%5C%22%22%5D%7D&resultIndex=1","summary":[],"current-status":[{"status":"Passed House","details":{"actionDate":"2006-03-28","displayText":"Passed\/agreed to in House: On motion to suspend the rules and pass the bill, as amended Agreed to by the Yeas and Nays: (2\/3 required): 404 - 4 (Roll no. 68).(text: CR H1137)","externalActionCode":"8000","description":"Passed House"}}]},"congress-man":{"name":["Rep. Pombo, Richard W. [R-CA-11]"],"url":"https:\/\/www.congress.gov\/member\/richard-pombo\/P000419?q=%7B%22search%22%3A%5B%22%5C%22hr4882%5C%22%22%5D%7D"}}