{"bill":{"name":["H.R.3045"],"url":"https:\/\/www.congress.gov\/bill\/109th-congress\/house-bill\/3045?q=%7B%22search%22%3A%5B%22%5C%22hr3045%5C%22%22%5D%7D&resultIndex=1","summary":[],"current-status":[{"status":"Became Law","details":{"actionDate":"2005-08-02","displayText":"Became Public Law No: 109-53.","externalActionCode":"36000","description":"Became Law"}}]},"congress-man":{"name":["Rep. DeLay, Tom [R-TX-22]"],"url":"https:\/\/www.congress.gov\/member\/tom-delay\/D000217?q=%7B%22search%22%3A%5B%22%5C%22hr3045%5C%22%22%5D%7D"}}