{"bill":{"name":["H.R.5574"],"url":"https:\/\/www.congress.gov\/bill\/109th-congress\/house-bill\/5574?q=%7B%22search%22%3A%5B%22%5C%22hr5574%5C%22%22%5D%7D&resultIndex=1","summary":[],"current-status":[{"status":"Became Law","details":{"actionDate":"2006-10-06","displayText":"Became Public Law No: 109-307.","externalActionCode":"36000","description":"Became Law"}}]},"congress-man":{"name":["Rep. Deal, Nathan [R-GA-10]"],"url":"https:\/\/www.congress.gov\/member\/nathan-deal\/D000168?q=%7B%22search%22%3A%5B%22%5C%22hr5574%5C%22%22%5D%7D"}}