{"bill":{"name":["H.R.1279"],"url":"https:\/\/www.congress.gov\/bill\/109th-congress\/house-bill\/1279?q=%7B%22search%22%3A%5B%22%5C%22hr1279%5C%22%22%5D%7D&resultIndex=1","summary":[],"current-status":[{"status":"Passed House","details":{"actionDate":"2005-05-11","displayText":"Passed\/agreed to in House: On passage Passed by the Yeas and Nays: 279 - 144 (Roll no. 168).","externalActionCode":"8000","description":"Passed House"}}]},"congress-man":{"name":["Rep. Forbes, J. Randy [R-VA-4]"],"url":"https:\/\/www.congress.gov\/member\/j-forbes\/F000445?q=%7B%22search%22%3A%5B%22%5C%22hr1279%5C%22%22%5D%7D"}}