{"bill":{"name":["H.R.4"],"url":"https:\/\/www.congress.gov\/bill\/109th-congress\/house-bill\/4?q=%7B%22search%22%3A%5B%22%5C%22hr4%5C%22%22%5D%7D&resultIndex=1","summary":[],"current-status":[{"status":"Became Law","details":{"actionDate":"2006-08-17","displayText":"Became Public Law No: 109-280.","externalActionCode":"36000","description":"Became Law"}}]},"congress-man":{"name":["Rep. Boehner, John A. [R-OH-8]"],"url":"https:\/\/www.congress.gov\/member\/john-boehner\/B000589?q=%7B%22search%22%3A%5B%22%5C%22hr4%5C%22%22%5D%7D"}}