{"bill":{"name":["H.R.3729"],"url":"https:\/\/www.congress.gov\/bill\/109th-congress\/house-bill\/3729?q=%7B%22search%22%3A%5B%22%5C%22hr3729%5C%22%22%5D%7D&resultIndex=1","summary":[],"current-status":[{"status":"Passed House","details":{"actionDate":"2006-07-17","displayText":"Passed\/agreed to in House: On motion to suspend the rules and pass the bill, as amended Agreed to by the Yeas and Nays: (2\/3 required): 363 - 0 (Roll no. 377).(text: CR H5240-5241)","externalActionCode":"8000","description":"Passed House"}}]},"congress-man":{"name":["Rep. Sensenbrenner, F. James, Jr. [R-WI-5]"],"url":"https:\/\/www.congress.gov\/member\/f-sensenbrenner\/S000244?q=%7B%22search%22%3A%5B%22%5C%22hr3729%5C%22%22%5D%7D"}}