{"bill":{"name":["H.R.1463"],"url":"https:\/\/www.congress.gov\/bill\/109th-congress\/house-bill\/1463?q=%7B%22search%22%3A%5B%22%5C%22hr1463%5C%22%22%5D%7D&resultIndex=1","summary":[],"current-status":[{"status":"Became Law","details":{"actionDate":"2006-10-13","displayText":"Became Public Law No: 109-341.","externalActionCode":"36000","description":"Became Law"}}]},"congress-man":{"name":["Rep. Davis, Tom [R-VA-11]"],"url":"https:\/\/www.congress.gov\/member\/thomas-davis\/D000136?q=%7B%22search%22%3A%5B%22%5C%22hr1463%5C%22%22%5D%7D"}}