{"bill":{"name":["H.R.748"],"url":"https:\/\/www.congress.gov\/bill\/109th-congress\/house-bill\/748?q=%7B%22search%22%3A%5B%22%5C%22hr748%5C%22%22%5D%7D&resultIndex=1","summary":[],"current-status":[{"status":"Passed House","details":{"actionDate":"2005-04-27","displayText":"Passed\/agreed to in House: On passage Passed by recorded vote: 270 - 157 (Roll no. 144).(text: CR H2606-2607)","externalActionCode":"8000","description":"Passed House"}}]},"congress-man":{"name":["Rep. Ros-Lehtinen, Ileana [R-FL-18]"],"url":"https:\/\/www.congress.gov\/member\/ileana-ros-lehtinen\/R000435?q=%7B%22search%22%3A%5B%22%5C%22hr748%5C%22%22%5D%7D"}}