{"bill":{"name":["H.R.6111"],"url":"https:\/\/www.congress.gov\/bill\/109th-congress\/house-bill\/6111?q=%7B%22search%22%3A%5B%22%5C%22hr6111%5C%22%22%5D%7D&resultIndex=1","summary":[],"current-status":[{"status":"Became Law","details":{"actionDate":"2006-12-20","displayText":"Became Public Law No: 109-432.","externalActionCode":"36000","description":"Became Law"}}]},"congress-man":{"name":["Rep. Tauscher, Ellen O. [D-CA-10]"],"url":"https:\/\/www.congress.gov\/member\/ellen-tauscher\/T000057?q=%7B%22search%22%3A%5B%22%5C%22hr6111%5C%22%22%5D%7D"}}