{"bill":{"name":["H.R.6406"],"url":"https:\/\/www.congress.gov\/bill\/109th-congress\/house-bill\/6406?q=%7B%22search%22%3A%5B%22%5C%22hr6406%5C%22%22%5D%7D&resultIndex=1","summary":[],"current-status":[{"status":"Passed House","details":{"actionDate":"2006-12-08","displayText":"Passed\/agreed to in House: On passage Passed by recorded vote: 212 - 184 (Roll No. 539).(text: CR H9089-9133)","externalActionCode":"8000","description":"Passed House"}}]},"congress-man":{"name":["Rep. Thomas, William M. [R-CA-22]"],"url":"https:\/\/www.congress.gov\/member\/william-thomas\/T000188?q=%7B%22search%22%3A%5B%22%5C%22hr6406%5C%22%22%5D%7D"}}