{"bill":{"name":["H.R.310"],"url":"https:\/\/www.congress.gov\/bill\/109th-congress\/house-bill\/310?q=%7B%22search%22%3A%5B%22%5C%22hr310%5C%22%22%5D%7D&resultIndex=1","summary":[],"current-status":[{"status":"Passed House","details":{"actionDate":"2005-02-16","displayText":"Passed\/agreed to in House: On passage Passed by the Yeas and Nays: 389 - 38 (Roll no. 35).","externalActionCode":"8000","description":"Passed House"}}]},"congress-man":{"name":["Rep. Upton, Fred [R-MI-6]"],"url":"https:\/\/www.congress.gov\/member\/fred-upton\/U000031?q=%7B%22search%22%3A%5B%22%5C%22hr310%5C%22%22%5D%7D"}}