{"bill":{"name":["H.R.1751"],"url":"https:\/\/www.congress.gov\/bill\/109th-congress\/house-bill\/1751?q=%7B%22search%22%3A%5B%22%5C%22hr1751%5C%22%22%5D%7D&resultIndex=1","summary":[],"current-status":[{"status":"Passed Senate","details":{"actionDate":"2006-12-06","displayText":"Passed\/agreed to in Senate: Passed Senate with an amendment by Unanimous Consent.","externalActionCode":"17000","description":"Passed Senate"}}]},"congress-man":{"name":["Rep. Gohmert, Louie [R-TX-1]"],"url":"https:\/\/www.congress.gov\/member\/louie-gohmert\/G000552?q=%7B%22search%22%3A%5B%22%5C%22hr1751%5C%22%22%5D%7D"}}