{"bill":{"name":["H.R.6094"],"url":"https:\/\/www.congress.gov\/bill\/109th-congress\/house-bill\/6094?q=%7B%22search%22%3A%5B%22%5C%22hr6094%5C%22%22%5D%7D&resultIndex=1","summary":[],"current-status":[{"status":"Passed House","details":{"actionDate":"2006-09-21","displayText":"Passed\/agreed to in House: On passage Passed by the Yeas and Nays: 328 - 95 (Roll no. 465).(text: CR H6869-6872)","externalActionCode":"8000","description":"Passed House"}}]},"congress-man":{"name":["Rep. Sensenbrenner, F. James, Jr. [R-WI-5]"],"url":"https:\/\/www.congress.gov\/member\/f-sensenbrenner\/S000244?q=%7B%22search%22%3A%5B%22%5C%22hr6094%5C%22%22%5D%7D"}}