{"bill":{"name":["H.R.4830"],"url":"https:\/\/www.congress.gov\/bill\/109th-congress\/house-bill\/4830?q=%7B%22search%22%3A%5B%22%5C%22hr4830%5C%22%22%5D%7D&resultIndex=1","summary":["Congressional Bills 109th CongressFrom the US Government Printing OfficeHR 4830 Engrossed in House EH 109th CONGRESS 2d Session H R 4830 AN ACT To amend chapter 27 of title 18 United States Code to prohibit the unauthorized construction financing or reckless permitting on ones land the construction or use of a tunnel or subterranean passageway between the United States and another country Be it enacted by the Senate and House of Representatives of the United States of America in Congress assembledSECTION 1 SHORT TITLE This Act may be cited as the Border Tunnel Prevention Act of 2006SEC 2 CONSTRUCTION OF BORDER TUNNEL OR PASSAGE a In GeneralChapter 27 of title 18 United States Code is amended by adding at the end the followingSec 554 Border tunnels and passages a Any person who knowingly constructs or finances the construction of a tunnel or subterranean passage that crosses the international border between the United States and another country other than a lawfully authorized tunnel or passage known to the Secretary of Homeland Security and subject to inspection by the Bureau of Immigration and Customs Enforcement shall be imprisoned for not more than 20 years b Any person who recklessly permits the construction or use of a tunnel or passage described in subsection a on land that the person owns or controls shall be imprisoned for not more than 10 years c Any person who uses a tunnel or passage described in subsection a to unlawfully smuggle an alien goods in violation of section 545 controlled substances weapons of mass destruction including biological weapons or a member of a terrorist organization as defined in section 212a3Bvi of the Immigration and Nationality Act 8 USC 1182a3Bvi shall be subject to twice the penalty that would have otherwise been imposed had the unlawful activity not made use of such a tunnel or passage b Clerical AmendmentThe table of sections for chapter 27 of title 18 United States Code is amended by adding at the end the followingSec 554 Border tunnels and passages c Criminal ForfeitureSection 982a6 of title 18 United States Code is amended by inserting 554 before 1425SEC 3 DIRECTIVE TO THE UNITED STATES SENTENCING COMMISSION a In GeneralPursuant to its authority under section 994 of title 28 United States Code and in accordance with this section the United States Sentencing Commission shall promulgate or amend sentencing guidelines to provide for increased penalties for persons convicted of offenses described in section 554 of title 18 United States Code as added by section 1 b RequirementsIn carrying out this section the United States Sentencing Commission shall 1 ensure that the sentencing guidelines policy statements and official commentary reflect the serious nature of the offenses described in section 554 of title 18 United States Code and the need for aggressive and appropriate law enforcement action to prevent such offenses 2 provide adequate base offense levels for offenses under such section 3 account for any aggravating or mitigating circumstances that might justify exceptions including A the use of a tunnel or passage described in subsection a of such section to facilitate other felonies and B the circumstances for which the sentencing guidelines currently provide applicable sentencing enhancements 4 ensure reasonable consistency with other relevant directives other sentencing guidelines and statutes 5 make any necessary and conforming changes to the sentencing guidelines and policy statements and 6 ensure that the sentencing guidelines adequately meet the purposes of sentencing set forth in section 3553a2 of title 18 United States Code Passed the House of Representatives September 21 2006 Attest Clerk109th CONGRESS 2d Session H R 4830 AN ACT To amend chapter 27 of title 18 United States Code to prohibit the unauthorized construction financing or reckless permitting on ones land the construction or use of a tunnel or subterranean passageway between the United States and another country"],"current-status":[{"status":"Passed House","details":{"actionDate":"2006-09-21","displayText":"Passed\/agreed to in House: On passage Passed by the Yeas and Nays: 422 - 0 (Roll no. 469).(text: CR H6862-6863)","externalActionCode":"8000","description":"Passed House"}}]},"congress-man":{"name":["Rep. Dreier, David [R-CA-26]"],"url":"https:\/\/www.congress.gov\/member\/david-dreier\/D000492?q=%7B%22search%22%3A%5B%22%5C%22hr4830%5C%22%22%5D%7D"}}