{"bill":{"name":["H.R.5319"],"url":"https:\/\/www.congress.gov\/bill\/109th-congress\/house-bill\/5319?q=%7B%22search%22%3A%5B%22%5C%22hr5319%5C%22%22%5D%7D&resultIndex=1","summary":[],"current-status":[{"status":"Passed House","details":{"actionDate":"2006-07-26","displayText":"Passed\/agreed to in House: On motion to suspend the rules and pass the bill, as amended Agreed to by the Yeas and Nays: (2\/3 required): 410 - 15 (Roll no. 405).(text: CR H5883-5884)","externalActionCode":"8000","description":"Passed House"}}]},"congress-man":{"name":["Rep. Fitzpatrick, Michael G. [R-PA-8]"],"url":"https:\/\/www.congress.gov\/member\/michael-fitzpatrick\/F000451?q=%7B%22search%22%3A%5B%22%5C%22hr5319%5C%22%22%5D%7D"}}