{"bill":{"name":["H.R.4894"],"url":"https:\/\/www.congress.gov\/bill\/109th-congress\/house-bill\/4894?q=%7B%22search%22%3A%5B%22%5C%22hr4894%5C%22%22%5D%7D&resultIndex=1","summary":[],"current-status":[{"status":"Passed House","details":{"actionDate":"2006-06-13","displayText":"Passed\/agreed to in House: On motion to suspend the rules and pass the bill, as amended Agreed to by the Yeas and Nays: (2\/3 required): 415 - 1 (Roll no. 259).(text: CR H3805)","externalActionCode":"8000","description":"Passed House"}}]},"congress-man":{"name":["Rep. Porter, Jon C. [R-NV-3]"],"url":"https:\/\/www.congress.gov\/member\/jon-porter\/P000589?q=%7B%22search%22%3A%5B%22%5C%22hr4894%5C%22%22%5D%7D"}}