{"bill":{"name":["H.R.9"],"url":"https:\/\/www.congress.gov\/bill\/109th-congress\/house-bill\/9?q=%7B%22search%22%3A%5B%22%5C%22hr9%5C%22%22%5D%7D&resultIndex=1","summary":[],"current-status":[{"status":"Became Law","details":{"actionDate":"2006-07-27","displayText":"Became Public Law No: 109-246.","externalActionCode":"36000","description":"Became Law"}}]},"congress-man":{"name":["Rep. Sensenbrenner, F. James, Jr. [R-WI-5]"],"url":"https:\/\/www.congress.gov\/member\/f-sensenbrenner\/S000244?q=%7B%22search%22%3A%5B%22%5C%22hr9%5C%22%22%5D%7D"}}