{"bill":{"name":["H.R.3339"],"url":"https:\/\/www.congress.gov\/bill\/109th-congress\/house-bill\/3339?q=%7B%22search%22%3A%5B%22%5C%22hr3339%5C%22%22%5D%7D&resultIndex=1","summary":[],"current-status":[{"status":"Became Law","details":{"actionDate":"2005-11-22","displayText":"Became Public Law No: 109-109.","externalActionCode":"36000","description":"Became Law"}}]},"congress-man":{"name":["Rep. Higgins, Brian [D-NY-27]"],"url":"https:\/\/www.congress.gov\/member\/brian-higgins\/H001038?q=%7B%22search%22%3A%5B%22%5C%22hr3339%5C%22%22%5D%7D"}}