{"bill":{"name":["H.R.3673"],"url":"https:\/\/www.congress.gov\/bill\/109th-congress\/house-bill\/3673?q=%7B%22search%22%3A%5B%22%5C%22hr3673%5C%22%22%5D%7D&resultIndex=1","summary":[],"current-status":[{"status":"Became Law","details":{"actionDate":"2005-09-08","displayText":"Became Public Law No: 109-62.","externalActionCode":"36000","description":"Became Law"}}]},"congress-man":{"name":["Rep. Lewis, Jerry [R-CA-41]"],"url":"https:\/\/www.congress.gov\/member\/jerry-lewis\/L000274?q=%7B%22search%22%3A%5B%22%5C%22hr3673%5C%22%22%5D%7D"}}