{"bill":{"name":["H.R.5683"],"url":"https:\/\/www.congress.gov\/bill\/109th-congress\/house-bill\/5683?q=%7B%22search%22%3A%5B%22%5C%22hr5683%5C%22%22%5D%7D&resultIndex=1","summary":[],"current-status":[{"status":"Became Law","details":{"actionDate":"2006-08-14","displayText":"Became Public Law No: 109-272.","externalActionCode":"36000","description":"Became Law"}}]},"congress-man":{"name":["Rep. Hunter, Duncan [R-CA-52]"],"url":"https:\/\/www.congress.gov\/member\/duncan-hunter\/H000981?q=%7B%22search%22%3A%5B%22%5C%22hr5683%5C%22%22%5D%7D"}}