{"bill":{"name":["H.R.4297"],"url":"https:\/\/www.congress.gov\/bill\/109th-congress\/house-bill\/4297?q=%7B%22search%22%3A%5B%22%5C%22hr4297%5C%22%22%5D%7D&resultIndex=1","summary":[],"current-status":[{"status":"Became Law","details":{"actionDate":"2006-05-17","displayText":"Became Public Law No: 109-222.","externalActionCode":"36000","description":"Became Law"}}]},"congress-man":{"name":["Rep. Thomas, William M. [R-CA-22]"],"url":"https:\/\/www.congress.gov\/member\/william-thomas\/T000188?q=%7B%22search%22%3A%5B%22%5C%22hr4297%5C%22%22%5D%7D"}}