{"bill":{"name":["H.R.3668"],"url":"https:\/\/www.congress.gov\/bill\/109th-congress\/house-bill\/3668?q=%7B%22search%22%3A%5B%22%5C%22hr3668%5C%22%22%5D%7D&resultIndex=1","summary":[],"current-status":[{"status":"Became Law","details":{"actionDate":"2005-09-21","displayText":"Became Public Law No: 109-67.","externalActionCode":"36000","description":"Became Law"}}]},"congress-man":{"name":["Rep. Jindal, Bobby [R-LA-1]"],"url":"https:\/\/www.congress.gov\/member\/bobby-jindal\/J000287?q=%7B%22search%22%3A%5B%22%5C%22hr3668%5C%22%22%5D%7D"}}