{"bill":{"name":["H.R.740"],"url":"https:\/\/www.congress.gov\/bill\/109th-congress\/house-bill\/740?q=%7B%22search%22%3A%5B%22%5C%22hr740%5C%22%22%5D%7D&resultIndex=1","summary":["Congressional Bills 109th CongressFrom the US Government Printing OfficeHR 740 Reported in House RH Union Calendar No 27109th CONGRESS 1st Session H R 740 Report No 10947To amend the Occupational Safety and Health Act of 1970 to provide for greater efficiency at the Occupational Safety and Health Review Commission IN THE HOUSE OF REPRESENTATIVES February 10 2005 Mr Norwood for himself Mr Boehner Mr Sam Johnson of Texas Mr McKeon Mr Ehlers Mrs Biggert Mr Keller Mr Wilson of South Carolina Mr Kline and Mr Neugebauer introduced the following bill which was referred to the Committee on Education and the Workforce April 18 2005Additional sponsors Mr Fortuno Mrs Drake Mr Pitts Mr Hall Mr Marchant Mr Sullivan Mrs Musgrave Mr Boustany Mr Price of Georgia Mr Barrett of South Carolina Mr Souder Ms Foxx Mr Kuhl of New York Deleted sponsor Mr Price of North Carolina added March 10 2005 deleted April 6 2005 April 18 2005 Reported with an amendment committed to the Committee of the Whole House on the State of the Union and ordered to be printed Strike out all after the enacting clause and insert the part printed in italic A BILL To amend the Occupational Safety and Health Act of 1970 to provide for greater efficiency at the Occupational Safety and Health Review Commission Be it enacted by the Senate and House of Representatives of the United States of America in Congress assembledltDELETEDgtSECTION 1 SHORT TITLEltDELETEDgtltDELETEDgt This Act may be cited as the Occupational Safety and Health Review Commission Efficiency Act of 2005ltDELETEDgtltDELETEDgtSEC 2 OCCUPATIONAL SAFETY AND HEALTH REVIEW COMMISSIONltDELETEDgtltDELETEDgt a Increase in Number of Members and Requirement for MembershipSection 12 of the Occupational Safety and Health Act of 1970 29 USC 661 is amendedltDELETEDgt ltDELETEDgt 1 in the second sentence of subsection a ltDELETEDgt ltDELETEDgt A by striking three members and inserting five members andltDELETEDgt ltDELETEDgt B by inserting legal before trainingltDELETEDgt ltDELETEDgt 2 in the first sentence of subsection b by striking except that and all that follows through the period and inserting the following except that the President may extend the term of a member for no more than 365 consecutive days to allow a continuation in service at the pleasure of the President after the expiration of the term of that member until a successor nominated by the President has been confirmed to serve Any vacancy caused by the death resignation or removal of a member before the expiration of a term for which a member was appointed shall be filled only for the remainder of such term andltDELETEDgt ltDELETEDgt 3 in subsection f by striking two members each place it appears and inserting three membersltDELETEDgtltDELETEDgt b New PositionsOf the two vacancies for membership on the Occupational Safety and Health Review Commission created by subsection a1A one shall be appointed by the President for a term expiring on April 27 2008 and the other shall be appointed by the President for a term expiring on April 27 2010ltDELETEDgtltDELETEDgt c Effective Date for Legal Training RequirementThe amendment made by subsection a1B requiring a member of the Commission to possess a background in legal training shall apply beginning with the two vacancies referred to in subsection b and all subsequent appointments to the CommissionltDELETEDgtSECTION 1 SHORT TITLE This Act may be cited as the Occupational Safety and Health Review Commission Efficiency Act of 2005SEC 2 OCCUPATIONAL SAFETY AND HEALTH REVIEW COMMISSION a Increase in Number of Members and Criteria for MembershipSection 12 of the Occupational Safety and Health Act of 1970 29 USC 661 is amended 1 in the second sentence of subsection a A by striking three members and inserting five members and B by inserting legal before training 2 in the first sentence of subsection b by striking except that and all that follows through the period and inserting the following except that the President may extend the term of a member for no more than 365 consecutive days to allow a continuation in service at the pleasure of the President after the expiration of the term of that member until a successor nominated by the President has been confirmed to serve Any vacancy caused by the death resignation or removal of a member before the expiration of a term for which a member was appointed shall be filled only for the remainder of such term and 3 in subsection f by striking two members the first place it appears and inserting three members b New PositionsOf the two vacancies for membership on the Occupational Safety and Health Review Commission created by subsection a1A one shall be appointed by the President for a term expiring on April 27 2008 and the other shall be appointed by the President for a term expiring on April 27 2010 c Effective DateThe amendment made by subsection a1B shall apply beginning with the 2 vacancies referred to in subsection b and all subsequent appointments to the Commission Union Calendar No 27109th CONGRESS 1st Session H R 740 Report No 10947 A BILLTo amend the Occupational Safety and Health Act of 1970 to provide for greater efficiency at the Occupational Safety and Health Review Commission April 18 2005 Reported with an amendment committed to the Committee of the Whole House on the State of the Union and ordered to be printed"],"current-status":[{"status":"Passed House","details":{"actionDate":"2005-07-12","displayText":"Passed\/agreed to in House: On passage Passed by the Yeas and Nays: 234 - 185 (Roll no. 370).(text: CR H5687)","externalActionCode":"8000","description":"Passed House"}}]},"congress-man":{"name":["Rep. Norwood, Charles W. [R-GA-9]"],"url":"https:\/\/www.congress.gov\/member\/charles-norwood\/N000159?q=%7B%22search%22%3A%5B%22%5C%22hr740%5C%22%22%5D%7D"}}