{"bill":{"name":["H.R.3505"],"url":"https:\/\/www.congress.gov\/bill\/109th-congress\/house-bill\/3505?q=%7B%22search%22%3A%5B%22%5C%22hr3505%5C%22%22%5D%7D&resultIndex=1","summary":[],"current-status":[{"status":"Passed House","details":{"actionDate":"2006-03-08","displayText":"Passed\/agreed to in House: On motion to suspend the rules and pass the bill, as amended Agreed to by the Yeas and Nays: (2\/3 required): 415 - 2 (Roll no. 26).(text: CR H702-719)","externalActionCode":"8000","description":"Passed House"}}]},"congress-man":{"name":["Rep. Hensarling, Jeb [R-TX-5]"],"url":"https:\/\/www.congress.gov\/member\/jeb-hensarling\/H001036?q=%7B%22search%22%3A%5B%22%5C%22hr3505%5C%22%22%5D%7D"}}