{"bill":{"name":["H.R.3070"],"url":"https:\/\/www.congress.gov\/bill\/109th-congress\/house-bill\/3070?q=%7B%22search%22%3A%5B%22%5C%22hr3070%5C%22%22%5D%7D&resultIndex=1","summary":[],"current-status":[{"status":"Passed House","details":{"actionDate":"2005-07-22","displayText":"Passed\/agreed to in House: On passage Passed by recorded vote: 383 - 15 (Roll no. 416).","externalActionCode":"8000","description":"Passed House"}}]},"congress-man":{"name":["Rep. Calvert, Ken [R-CA-44]"],"url":"https:\/\/www.congress.gov\/member\/ken-calvert\/C000059?q=%7B%22search%22%3A%5B%22%5C%22hr3070%5C%22%22%5D%7D"}}