{"bill":{"name":["H.R.5427"],"url":"https:\/\/www.congress.gov\/bill\/109th-congress\/house-bill\/5427?q=%7B%22search%22%3A%5B%22%5C%22hr5427%5C%22%22%5D%7D&resultIndex=1","summary":[],"current-status":[{"status":"Passed House","details":{"actionDate":"2006-05-24","displayText":"Passed\/agreed to in House: On passage Passed by the Yeas and Nays: 404 - 20 (Roll no. 206).","externalActionCode":"8000","description":"Passed House"}}]},"congress-man":{"name":["Rep. Hobson, David L. [R-OH-7]"],"url":"https:\/\/www.congress.gov\/member\/david-hobson\/H000666?q=%7B%22search%22%3A%5B%22%5C%22hr5427%5C%22%22%5D%7D"}}