{"bill":{"name":["H.R.5540"],"url":"https:\/\/www.congress.gov\/bill\/109th-congress\/house-bill\/5540?q=%7B%22search%22%3A%5B%22%5C%22hr5540%5C%22%22%5D%7D&resultIndex=1","summary":[],"current-status":[{"status":"Became Law","details":{"actionDate":"2006-08-17","displayText":"Became Public Law No: 109-279.","externalActionCode":"36000","description":"Became Law"}}]},"congress-man":{"name":["Rep. Neugebauer, Randy [R-TX-19]"],"url":"https:\/\/www.congress.gov\/member\/randy-neugebauer\/N000182?q=%7B%22search%22%3A%5B%22%5C%22hr5540%5C%22%22%5D%7D"}}