{"bill":{"name":["H.R.4709"],"url":"https:\/\/www.congress.gov\/bill\/109th-congress\/house-bill\/4709?q=%7B%22search%22%3A%5B%22%5C%22hr4709%5C%22%22%5D%7D&resultIndex=1","summary":[],"current-status":[{"status":"Became Law","details":{"actionDate":"2007-01-12","displayText":"Became Public Law No: 109-476.","externalActionCode":"36000","description":"Became Law"}}]},"congress-man":{"name":["Rep. Smith, Lamar [R-TX-21]"],"url":"https:\/\/www.congress.gov\/member\/lamar-smith\/S000583?q=%7B%22search%22%3A%5B%22%5C%22hr4709%5C%22%22%5D%7D"}}