{"bill":{"name":["H.R.323"],"url":"https:\/\/www.congress.gov\/bill\/109th-congress\/house-bill\/323?q=%7B%22search%22%3A%5B%22%5C%22hr323%5C%22%22%5D%7D&resultIndex=1","summary":[],"current-status":[{"status":"Passed House","details":{"actionDate":"2005-11-15","displayText":"Passed\/agreed to in House: On motion to suspend the rules and pass the bill Agreed to by the Yeas and Nays: (2\/3 required): 419 - 0, 1 Present (Roll no. 587).(text: CR H10177)","externalActionCode":"8000","description":"Passed House"}}]},"congress-man":{"name":["Rep. Engel, Eliot L. [D-NY-17]"],"url":"https:\/\/www.congress.gov\/member\/eliot-engel\/E000179?q=%7B%22search%22%3A%5B%22%5C%22hr323%5C%22%22%5D%7D"}}