{"bill":{"name":["H.R.54"],"url":"https:\/\/www.congress.gov\/bill\/109th-congress\/house-bill\/54?q=%7B%22search%22%3A%5B%22%5C%22hr54%5C%22%22%5D%7D&resultIndex=1","summary":[],"current-status":[{"status":"Passed House","details":{"actionDate":"2005-01-26","displayText":"Passed\/agreed to in House: On passage Passed by recorded vote: 231 - 173 (Roll no. 13).","externalActionCode":"8000","description":"Passed House"}}]},"congress-man":{"name":["Rep. Castle, Michael N. [R-DE-At Large]"],"url":"https:\/\/www.congress.gov\/member\/michael-castle\/C000243?q=%7B%22search%22%3A%5B%22%5C%22hr54%5C%22%22%5D%7D"}}