{"bill":{"name":["H.R.5441"],"url":"https:\/\/www.congress.gov\/bill\/109th-congress\/house-bill\/5441?q=%7B%22search%22%3A%5B%22%5C%22hr5441%5C%22%22%5D%7D&resultIndex=1","summary":[],"current-status":[{"status":"Became Law","details":{"actionDate":"2006-10-04","displayText":"Became Public Law No: 109-295.","externalActionCode":"36000","description":"Became Law"}}]},"congress-man":{"name":["Rep. Rogers, Harold [R-KY-5]"],"url":"https:\/\/www.congress.gov\/member\/harold-rogers\/R000395?q=%7B%22search%22%3A%5B%22%5C%22hr5441%5C%22%22%5D%7D"}}