{"bill":{"name":["H.R.3761"],"url":"https:\/\/www.congress.gov\/bill\/109th-congress\/house-bill\/3761?q=%7B%22search%22%3A%5B%22%5C%22hr3761%5C%22%22%5D%7D&resultIndex=1","summary":[],"current-status":[{"status":"Became Law","details":{"actionDate":"2005-09-23","displayText":"Became Public Law No: 109-72.","externalActionCode":"36000","description":"Became Law"}}]},"congress-man":{"name":["Rep. Boustany, Charles W., Jr. [R-LA-7]"],"url":"https:\/\/www.congress.gov\/member\/charles-boustany\/B001255?q=%7B%22search%22%3A%5B%22%5C%22hr3761%5C%22%22%5D%7D"}}