{"bill":{"name":["H.R.458"],"url":"https:\/\/www.congress.gov\/bill\/109th-congress\/house-bill\/458?q=%7B%22search%22%3A%5B%22%5C%22hr458%5C%22%22%5D%7D&resultIndex=1","summary":[],"current-status":[{"status":"Passed House","details":{"actionDate":"2005-06-28","displayText":"Passed\/agreed to in House: On motion to suspend the rules and pass the bill, as amended Agreed to by the Yeas and Nays: (2\/3 required): 405 - 2 (Roll no. 324).(text: CR 6\/27\/2005 H5186-5192)","externalActionCode":"8000","description":"Passed House"}}]},"congress-man":{"name":["Rep. Davis, Geoff [R-KY-4]"],"url":"https:\/\/www.congress.gov\/member\/geoff-davis\/D000603?q=%7B%22search%22%3A%5B%22%5C%22hr458%5C%22%22%5D%7D"}}