{"bill":{"name":["H.R.5504"],"url":"https:\/\/www.congress.gov\/bill\/109th-congress\/house-bill\/5504?q=%7B%22search%22%3A%5B%22%5C%22hr5504%5C%22%22%5D%7D&resultIndex=1","summary":[],"current-status":[{"status":"Became Law","details":{"actionDate":"2006-10-12","displayText":"Became Public Law No: 109-330.","externalActionCode":"36000","description":"Became Law"}}]},"congress-man":{"name":["Rep. Moore, Dennis [D-KS-3]"],"url":"https:\/\/www.congress.gov\/member\/dennis-moore\/M001140?q=%7B%22search%22%3A%5B%22%5C%22hr5504%5C%22%22%5D%7D"}}