{"bill":{"name":["H.R.525"],"url":"https:\/\/www.congress.gov\/bill\/109th-congress\/house-bill\/525?q=%7B%22search%22%3A%5B%22%5C%22hr525%5C%22%22%5D%7D&resultIndex=1","summary":[],"current-status":[{"status":"Passed House","details":{"actionDate":"2005-07-26","displayText":"Passed\/agreed to in House: On passage Passed by the Yeas and Nays: 263 - 165 (Roll no. 426).(text: CR H6478-6484)","externalActionCode":"8000","description":"Passed House"}}]},"congress-man":{"name":["Rep. Johnson, Sam [R-TX-3]"],"url":"https:\/\/www.congress.gov\/member\/sam-johnson\/J000174?q=%7B%22search%22%3A%5B%22%5C%22hr525%5C%22%22%5D%7D"}}