{"bill":{"name":["H.R.3422"],"url":"https:\/\/www.congress.gov\/bill\/109th-congress\/house-bill\/3422?q=%7B%22search%22%3A%5B%22%5C%22hr3422%5C%22%22%5D%7D&resultIndex=1","summary":[],"current-status":[{"status":"Passed House","details":{"actionDate":"2005-12-13","displayText":"Passed\/agreed to in House: On motion to suspend the rules and pass the bill, as amended Agreed to by the Yeas and Nays: (2\/3 required): 387 - 2 (Roll no. 625).(text: CR H11453-11454)","externalActionCode":"8000","description":"Passed House"}}]},"congress-man":{"name":["Rep. Neugebauer, Randy [R-TX-19]"],"url":"https:\/\/www.congress.gov\/member\/randy-neugebauer\/N000182?q=%7B%22search%22%3A%5B%22%5C%22hr3422%5C%22%22%5D%7D"}}