{"bill":{"name":["H.R.2864"],"url":"https:\/\/www.congress.gov\/bill\/109th-congress\/house-bill\/2864?q=%7B%22search%22%3A%5B%22%5C%22hr2864%5C%22%22%5D%7D&resultIndex=1","summary":[],"current-status":[{"status":"Resolving Differences","details":{"actionDate":"2006-09-19","displayText":"","externalActionCode":"20000","description":"Resolving Differences"}}]},"congress-man":{"name":["Rep. Young, Don [R-AK-At Large]"],"url":"https:\/\/www.congress.gov\/member\/don-young\/Y000033?q=%7B%22search%22%3A%5B%22%5C%22hr2864%5C%22%22%5D%7D"}}