{"bill":{"name":["H.R.2520"],"url":"https:\/\/www.congress.gov\/bill\/109th-congress\/house-bill\/2520?q=%7B%22search%22%3A%5B%22%5C%22hr2520%5C%22%22%5D%7D&resultIndex=1","summary":[],"current-status":[{"status":"Became Law","details":{"actionDate":"2005-12-20","displayText":"Became Public Law No: 109-129.","externalActionCode":"36000","description":"Became Law"}}]},"congress-man":{"name":["Rep. Smith, Christopher H. [R-NJ-4]"],"url":"https:\/\/www.congress.gov\/member\/christopher-smith\/S000522?q=%7B%22search%22%3A%5B%22%5C%22hr2520%5C%22%22%5D%7D"}}