{"bill":{"name":["H.R.856"],"url":"https:\/\/www.congress.gov\/bill\/109th-congress\/house-bill\/856?q=%7B%22search%22%3A%5B%22%5C%22hr856%5C%22%22%5D%7D&resultIndex=1","summary":[],"current-status":[{"status":"Passed House","details":{"actionDate":"2005-11-15","displayText":"Passed\/agreed to in House: On motion to suspend the rules and pass the bill, as amended Agreed to by the Yeas and Nays: (2\/3 required): 353 - 62 (Roll no. 588).(text: CR H10179-10180)","externalActionCode":"8000","description":"Passed House"}}]},"congress-man":{"name":["Rep. Osborne, Tom [R-NE-3]"],"url":"https:\/\/www.congress.gov\/member\/tom-osborne\/O000165?q=%7B%22search%22%3A%5B%22%5C%22hr856%5C%22%22%5D%7D"}}