{"bill":{"name":["H.R.120"],"url":"https:\/\/www.congress.gov\/bill\/109th-congress\/house-bill\/120?q=%7B%22search%22%3A%5B%22%5C%22hr120%5C%22%22%5D%7D&resultIndex=1","summary":[],"current-status":[{"status":"Became Law","details":{"actionDate":"2005-07-12","displayText":"Became Public Law No: 109-22.","externalActionCode":"36000","description":"Became Law"}}]},"congress-man":{"name":["Rep. Issa, Darrell E. [R-CA-49]"],"url":"https:\/\/www.congress.gov\/member\/darrell-issa\/I000056?q=%7B%22search%22%3A%5B%22%5C%22hr120%5C%22%22%5D%7D"}}