{"bill":{"name":["H.R.5254"],"url":"https:\/\/www.congress.gov\/bill\/109th-congress\/house-bill\/5254?q=%7B%22search%22%3A%5B%22%5C%22hr5254%5C%22%22%5D%7D&resultIndex=1","summary":[],"current-status":[{"status":"Passed House","details":{"actionDate":"2006-06-07","displayText":"Passed\/agreed to in House: On passage Passed by recorded vote: 238 - 179 (Roll no. 232).(text: CR H3467-3468)","externalActionCode":"8000","description":"Passed House"}}]},"congress-man":{"name":["Rep. Bass, Charles F. [R-NH-2]"],"url":"https:\/\/www.congress.gov\/member\/charles-bass\/B000220?q=%7B%22search%22%3A%5B%22%5C%22hr5254%5C%22%22%5D%7D"}}