{"bill":{"name":["H.R.5337"],"url":"https:\/\/www.congress.gov\/bill\/109th-congress\/house-bill\/5337?q=%7B%22search%22%3A%5B%22%5C%22hr5337%5C%22%22%5D%7D&resultIndex=1","summary":[],"current-status":[{"status":"Passed House","details":{"actionDate":"2006-07-26","displayText":"Passed\/agreed to in House: On motion to suspend the rules and pass the bill, as amended Agreed to by the Yeas and Nays: (2\/3 required): 424 - 0 (Roll no. 404).(text: CR H5863-5867)","externalActionCode":"8000","description":"Passed House"}}]},"congress-man":{"name":["Rep. Blunt, Roy [R-MO-7]"],"url":"https:\/\/www.congress.gov\/member\/roy-blunt\/B000575?q=%7B%22search%22%3A%5B%22%5C%22hr5337%5C%22%22%5D%7D"}}