{"bill":{"name":["H.R.3169"],"url":"https:\/\/www.congress.gov\/bill\/109th-congress\/house-bill\/3169?q=%7B%22search%22%3A%5B%22%5C%22hr3169%5C%22%22%5D%7D&resultIndex=1","summary":[],"current-status":[{"status":"Became Law","details":{"actionDate":"2005-09-21","displayText":"Became Public Law No: 109-66.","externalActionCode":"36000","description":"Became Law"}}]},"congress-man":{"name":["Rep. Keller, Ric [R-FL-8]"],"url":"https:\/\/www.congress.gov\/member\/ric-keller\/K000361?q=%7B%22search%22%3A%5B%22%5C%22hr3169%5C%22%22%5D%7D"}}