{"bill":{"name":["H.R.2475"],"url":"https:\/\/www.congress.gov\/bill\/109th-congress\/house-bill\/2475?q=%7B%22search%22%3A%5B%22%5C%22hr2475%5C%22%22%5D%7D&resultIndex=1","summary":[],"current-status":[{"status":"Passed House","details":{"actionDate":"2005-06-21","displayText":"Passed\/agreed to in House: On passage Passed by the Yeas and Nays: 409 - 16 (Roll no. 290).","externalActionCode":"8000","description":"Passed House"}}]},"congress-man":{"name":["Rep. Hoekstra, Peter [R-MI-2]"],"url":"https:\/\/www.congress.gov\/member\/peter-hoekstra\/H000676?q=%7B%22search%22%3A%5B%22%5C%22hr2475%5C%22%22%5D%7D"}}