{"bill":{"name":["H.R.5013"],"url":"https:\/\/www.congress.gov\/bill\/109th-congress\/house-bill\/5013?q=%7B%22search%22%3A%5B%22%5C%22hr5013%5C%22%22%5D%7D&resultIndex=1","summary":[],"current-status":[{"status":"Passed House","details":{"actionDate":"2006-07-25","displayText":"Passed\/agreed to in House: On motion to suspend the rules and pass the bill, as amended Agreed to by the Yeas and Nays: (2\/3 required): 322 - 99 (Roll no. 401).(text: CR H5755-5756)","externalActionCode":"8000","description":"Passed House"}}]},"congress-man":{"name":["Rep. Jindal, Bobby [R-LA-1]"],"url":"https:\/\/www.congress.gov\/member\/bobby-jindal\/J000287?q=%7B%22search%22%3A%5B%22%5C%22hr5013%5C%22%22%5D%7D"}}