{"bill":{"name":["H.R.3548"],"url":"https:\/\/www.congress.gov\/bill\/109th-congress\/house-bill\/3548?q=%7B%22search%22%3A%5B%22%5C%22hr3548%5C%22%22%5D%7D&resultIndex=1","summary":[],"current-status":[{"status":"Became Law","details":{"actionDate":"2006-03-20","displayText":"Became Public Law No: 109-193.","externalActionCode":"36000","description":"Became Law"}}]},"congress-man":{"name":["Rep. Engel, Eliot L. [D-NY-17]"],"url":"https:\/\/www.congress.gov\/member\/eliot-engel\/E000179?q=%7B%22search%22%3A%5B%22%5C%22hr3548%5C%22%22%5D%7D"}}