{"bill":{"name":["H.R.250"],"url":"https:\/\/www.congress.gov\/bill\/109th-congress\/house-bill\/250?q=%7B%22search%22%3A%5B%22%5C%22hr250%5C%22%22%5D%7D&resultIndex=1","summary":[],"current-status":[{"status":"Passed House","details":{"actionDate":"2005-09-21","displayText":"Passed\/agreed to in House: On passage Passed by the Yeas and Nays: 394 - 24 (Roll no. 485).","externalActionCode":"8000","description":"Passed House"}}]},"congress-man":{"name":["Rep. Ehlers, Vernon J. [R-MI-3]"],"url":"https:\/\/www.congress.gov\/member\/vernon-ehlers\/E000092?q=%7B%22search%22%3A%5B%22%5C%22hr250%5C%22%22%5D%7D"}}