{"bill":{"name":["H.R.3549"],"url":"https:\/\/www.congress.gov\/bill\/109th-congress\/house-bill\/3549?q=%7B%22search%22%3A%5B%22%5C%22hr3549%5C%22%22%5D%7D&resultIndex=1","summary":[],"current-status":[{"status":"Became Law","details":{"actionDate":"2006-08-01","displayText":"Became Public Law No: 109-254.","externalActionCode":"36000","description":"Became Law"}}]},"congress-man":{"name":["Rep. English, Phil [R-PA-3]"],"url":"https:\/\/www.congress.gov\/member\/phil-english\/E000187?q=%7B%22search%22%3A%5B%22%5C%22hr3549%5C%22%22%5D%7D"}}