{"bill":{"name":["H.Res.612"],"url":"https:\/\/www.congress.gov\/bill\/109th-congress\/house-resolution\/612?q=%7B%22search%22%3A%5B%22%5C%22hres612%5C%22%22%5D%7D&resultIndex=1","summary":[],"current-status":[{"status":"Passed House","details":{"actionDate":"2005-12-16","displayText":"Passed\/agreed to in House: On agreeing to the resolution Agreed to by the Yeas and Nays: 279 - 109, 34 Present (Roll no. 648).(text: CR H11905)","externalActionCode":"8000","description":"Passed House"}}]},"congress-man":{"name":["Rep. Hyde, Henry J. [R-IL-6]"],"url":"https:\/\/www.congress.gov\/member\/henry-hyde\/H001022?q=%7B%22search%22%3A%5B%22%5C%22hres612%5C%22%22%5D%7D"}}