{"bill":{"name":["H.Res.896"],"url":"https:\/\/www.congress.gov\/bill\/109th-congress\/house-resolution\/896?q=%7B%22search%22%3A%5B%22%5C%22hres896%5C%22%22%5D%7D&resultIndex=1","summary":["Congressional Bills 109th CongressFrom the US Government Printing OfficeH Res 896 Reported in House RH House Calendar No 207109th CONGRESS 2d SessionH RES 896 Report No 109539Providing for consideration of the resolution H Res 895 supporting intelligence and law enforcement programs to track terrorists and terrorist finances conducted consistent with Federal law and with appropriate Congressional consultation and specifically condemning the disclosure and publication of classified information that impairs the international fight against terrorism and needlessly exposes Americans to the threat of further terror attacks by revealing a crucial method by which terrorists are traced through their finances IN THE HOUSE OF REPRESENTATIVES June 29 legislative day June 28 2006 Mr Sessions from the Committee on Rules reported the following resolution which was referred to the House Calendar and ordered to be printed RESOLUTION Providing for consideration of the resolution H Res 895 supporting intelligence and law enforcement programs to track terrorists and terrorist finances conducted consistent with Federal law and with appropriate Congressional consultation and specifically condemning the disclosure and publication of classified information that impairs the international fight against terrorism and needlessly exposes Americans to the threat of further terror attacks by revealing a crucial method by which terrorists are traced through their finances Resolved That upon the adoption of this resolution it shall be in order without intervention of any point of order to consider in the House the resolution H Res 895 supporting intelligence and law enforcement programs to track terrorists and terrorist finances conducted consistent with Federal law and with appropriate Congressional consultation and specifically condemning the disclosure and publication of classified information that impairs the international fight against terrorism and needlessly exposes Americans to the threat of further terror attacks by revealing a crucial method by which terrorists are traced through their finances The resolution shall be considered as read The previous question shall be considered as ordered on the resolution and preamble to final adoption without intervening motion or demand for division of the question except 1 one hour of debate equally divided and controlled by the chairman and ranking minority member of the Committee on Financial Services and 2 one motion to recommit which may not instructions House Calendar No 207109th CONGRESS 2d Session H RES 896 Report No 109539 RESOLUTIONProviding for consideration of the resolution H Res 895 supporting intelligence and law enforcement programs to track terrorists and terrorist finances conducted consistent with Federal law and with appropriate Congressional consultation and specifically condemning the disclosure and publication of classified information that impairs the international fight against terrorism and needlessly exposes Americans to the threat of further terror attacks by revealing a crucial method by which terrorists are traced through their finances June 29 legislative day June 28 2006 Referred to the House Calendar and ordered to be printed"],"current-status":[{"status":"Passed House","details":{"actionDate":"2006-06-29","displayText":"Passed\/agreed to in House: On agreeing to the resolution Agreed to by recorded vote: 220 - 195 (Roll no. 351).","externalActionCode":"8000","description":"Passed House"}}]},"congress-man":{"name":["Rep. Sessions, Pete [R-TX-32]"],"url":"https:\/\/www.congress.gov\/member\/pete-sessions\/S000250?q=%7B%22search%22%3A%5B%22%5C%22hres896%5C%22%22%5D%7D"}}