{"bill":{"name":["H.Res.725"],"url":"https:\/\/www.congress.gov\/bill\/109th-congress\/house-resolution\/725?q=%7B%22search%22%3A%5B%22%5C%22hres725%5C%22%22%5D%7D&resultIndex=1","summary":[],"current-status":[{"status":"Passed House","details":{"actionDate":"2006-03-15","displayText":"Passed\/agreed to in House: On agreeing to the resolution Agreed to by recorded vote: 218 - 200 (Roll no. 41).(text: CR H980)","externalActionCode":"8000","description":"Passed House"}}]},"congress-man":{"name":["Rep. Cole, Tom [R-OK-4]"],"url":"https:\/\/www.congress.gov\/member\/tom-cole\/C001053?q=%7B%22search%22%3A%5B%22%5C%22hres725%5C%22%22%5D%7D"}}