{"bill":{"name":["H.Res.494"],"url":"https:\/\/www.congress.gov\/bill\/109th-congress\/house-resolution\/494?q=%7B%22search%22%3A%5B%22%5C%22hres494%5C%22%22%5D%7D&resultIndex=1","summary":["Congressional Bills 109th CongressFrom the US Government Printing OfficeH Res 494 Engrossed in House EHH Res 494 In the House of Representatives US October 18 2005 Resolved That at any time after the adoption of this resolution the Speaker may pursuant to clause 2b of rule XVIII declare the House resolved into the Committee of the Whole House on the state of the Union for consideration of the bill HR 554 to prevent legislative and regulatory functions from being usurped by civil liability actions brought or continued against food manufacturers marketers distributors advertisers sellers and trade associations for claims of injury relating to a persons weight gain obesity or any health condition associated with weight gain or obesity The first reading of the bill shall be dispensed with All points of order against consideration of the bill are waived General debate shall be confined to the bill and shall not exceed one hour equally divided and controlled by the chairman and ranking minority member of the Committee on the Judiciary After general debate the bill shall be considered for amendment under the fiveminute rule It shall be in order to consider as an original bill for the purpose of amendment under the fiveminute rule the amendment in the nature of a substitute recommended by the Committee on the Judiciary now printed in the bill The committee amendment in the nature of a substitute shall be considered as read Notwithstanding clause 11 of rule XVIII no amendment to the committee amendment in the nature of a substitute shall be in order except those printed in the report of the Committee on Rules accompanying this resolution Each such amendment may be offered only in the order printed in the report may be offered only by a Member designated in the report shall be considered as read shall be debatable for the time specified in the report equally divided and controlled by the proponent and an opponent shall not be subject to amendment and shall not be subject to a demand for division of the question in the House or in the Committee of the Whole All points of order against such amendments are waived At the conclusion of consideration of the bill for amendment the Committee shall rise and report the bill to the House with such amendments as may have been adopted Any Member may demand a separate vote in the House on any amendment adopted in the Committee of the Whole to the bill or to the committee amendment in the nature of a substitute The previous question shall be considered as ordered on the bill and amendments thereto to final passage without intervening motion except one motion to recommit with or without instructions Attest Clerk"],"current-status":[{"status":"Passed House","details":{"actionDate":"2005-10-18","displayText":"Passed\/agreed to in House: On agreeing to the resolution Agreed to by the Yeas and Nays: 310 - 114 (Roll no. 524).(text: CR H8885)","externalActionCode":"8000","description":"Passed House"}}]},"congress-man":{"name":["Rep. Gingrey, Phil [R-GA-11]"],"url":"https:\/\/www.congress.gov\/member\/phil-gingrey\/G000550?q=%7B%22search%22%3A%5B%22%5C%22hres494%5C%22%22%5D%7D"}}