{"bill":{"name":["H.Res.692"],"url":"https:\/\/www.congress.gov\/bill\/109th-congress\/house-resolution\/692?q=%7B%22search%22%3A%5B%22%5C%22hres692%5C%22%22%5D%7D&resultIndex=1","summary":["Congressional Bills 109th CongressFrom the US Government Printing OfficeH Res 692 Engrossed in House EHH Res 692 In the House of Representatives US April 5 2006Whereas between 1946 and 1958 the United States conducted 67 nuclear tests in the Marshall Islands 66 of which resulted in atmospheric falloutWhereas the most powerful of these tests was the hydrogen weapons test codenamed Bravo a 15megaton device detonated on March 1 1954 at Bikini atollWhereas the Bravo detonation alone was the equivalent to 1000 Hiroshimasized bombsWhereas 17 other tests in the Marshall Islands were in the megaton range and the total yield of the 67 tests was 108 megatons the equivalent yield of more than 7000 Hiroshima bombs and 93 times the total of Nevada atmospheric testsWhereas in July 1998 the Centers for Disease Control and Prevention estimated that 63 billion curies of radioactive iodine131 were released to the atmosphere as a result of the testing in the Marshall IslandsWhereas the 12year nuclear testing program has been the defining experience of the modern era for the people of the Marshall Islands and these momentous events created a common bond between the people of the Marshall Islands and the United States military and civilian personnel who shared hardships and suffering with the people of the Marshall Islands during the testing programWhereas as a Member State of the United Nations the world body that once had oversight of United States stewardship of the trusteeship for the people of the Marshall Islands and their island homelands the Republic of the Marshall Islands has an unmatched record of working in conjunction with the leadership of the United States in the pursuit of international peace and security the rights and wellbeing of the peoples of the world and in the War on Terrorism Now therefore be it Resolved That the House of Representatives 1 commends the people of the Republic of the Marshall Islands for the contributions and sacrifices they made to the United States nuclear testing program in the Marshall Islands 2 solemnly acknowledges the first detonation of a hydrogen bomb by the United States on March 1 1954 on the Bikini Atoll in the Marshall Islands and 3 remembers that 60 years ago the United States began its nuclear testing program in the Marshall Islands Attest Clerk"],"current-status":[{"status":"Passed House","details":{"actionDate":"2006-04-05","displayText":"Passed\/agreed to in House: On motion to suspend the rules and agree to the resolution, as amended Agreed to by the Yeas and Nays: (2\/3 required): 424 - 0 (Roll no. 89).(text: CR 4\/04\/2006 H1411-1412)","externalActionCode":"8000","description":"Passed House"}}]},"congress-man":{"name":["Rep. Faleomavaega, Eni F. H. [D-AS-At Large]"],"url":"https:\/\/www.congress.gov\/member\/eni-faleomavaega\/F000010?q=%7B%22search%22%3A%5B%22%5C%22hres692%5C%22%22%5D%7D"}}