{"bill":{"name":["H.Res.862"],"url":"https:\/\/www.congress.gov\/bill\/109th-congress\/house-resolution\/862?q=%7B%22search%22%3A%5B%22%5C%22hres862%5C%22%22%5D%7D&resultIndex=1","summary":["Congressional Bills 109th CongressFrom the US Government Printing OfficeH Res 862 Engrossed in House EHH Res 862 In the House of Representatives US June 13 2006 Resolved That the requirement of clause 6a of rule XIII for a twothirds vote to consider a report from the Committee on Rules on the same day it is presented to the House is waived with respect to any resolution reported on the legislative day of June 13 2006 providing for consideration of the bill HR 5576 making appropriations for the Departments of Transportation Treasury and Housing and Urban Development the Judiciary District of Columbia and independent agencies for the fiscal year ending September 30 2007 and for other purposes Attest Clerk"],"current-status":[{"status":"Passed House","details":{"actionDate":"2006-06-13","displayText":"Passed\/agreed to in House: On agreeing to the resolution Agreed to by the Yeas and Nays: 221 - 194 (Roll no. 258).(text: CR H3803)","externalActionCode":"8000","description":"Passed House"}}]},"congress-man":{"name":["Rep. Diaz-Balart, Lincoln [R-FL-21]"],"url":"https:\/\/www.congress.gov\/member\/lincoln-diaz-balart\/D000299?q=%7B%22search%22%3A%5B%22%5C%22hres862%5C%22%22%5D%7D"}}