{"bill":{"name":["H.Res.621"],"url":"https:\/\/www.congress.gov\/bill\/109th-congress\/house-resolution\/621?q=%7B%22search%22%3A%5B%22%5C%22hres621%5C%22%22%5D%7D&resultIndex=1","summary":["Congressional Bills 109th CongressFrom the US Government Printing OfficeH Res 621 Reported in House RH House Calendar No 135109th CONGRESS 1st SessionH RES 621 Report No 109350 Providing for further consideration of the bill HR 4437 to amend the Immigration and Nationality Act to strengthen enforcement of the immigration laws to enhance border security and for other purposes IN THE HOUSE OF REPRESENTATIVES December 16 legislative day December 15 2005 Mr Gingrey from the Committee on Rules reported the following resolution which was referred to the House Calendar and ordered to be printed RESOLUTION Providing for further consideration of the bill HR 4437 to amend the Immigration and Nationality Act to strengthen enforcement of the immigration laws to enhance border security and for other purposes Resolved That at any time after the adoption of this resolution the Speaker may pursuant to clause 2b of rule XVIII declare the House resolved into the Committee of the Whole House on the state of the Union for further consideration of the bill HR 4437 to amend the Immigration and Nationality Act to strengthen enforcement of the immigration laws to enhance border security and for other purposes No further general debate shall be in order and remaining proceedings under House Resolution 610 shall be considered as subsumed by this resolution Notwithstanding clause 11 of rule XVIII no further amendment to the bill as amended shall be in order except those printed in the report of the Committee on Rules accompanying this resolution Each further amendment may be offered only in the order printed in the report may be offered only by a Member designated in the report shall be considered as read shall be debatable for the time specified in the report equally divided and controlled by the proponent and an opponent shall not be subject to amendment and shall not be subject to a demand for division of the question in the House or in the Committee of the Whole All points of order against such further amendments are waived At the conclusion of consideration of the bill for amendment the Committee shall rise and report the bill as amended to the House with such further amendments as may have been adopted The previous question shall be considered as ordered on the bill and amendments thereto to final passage without intervening motion except one motion to recommit with or without instructions House Calendar No 135109th CONGRESS 1st Session H RES 621 Report No 109350 RESOLUTION Providing for further consideration of the bill HR 4437 to amend the Immigration and Nationality Act to strengthen enforcement of the immigration laws to enhance border security and for other purposes December 16 legislative day December 15 2005 Referred to the House Calendar and ordered to be printed"],"current-status":[{"status":"Passed House","details":{"actionDate":"2005-12-16","displayText":"Passed\/agreed to in House: On agreeing to the resolution Agreed to by the Yeas and Nays: 216 - 203 (Roll no. 646).(text: CR H11893)","externalActionCode":"8000","description":"Passed House"}}]},"congress-man":{"name":["Rep. Gingrey, Phil [R-GA-11]"],"url":"https:\/\/www.congress.gov\/member\/phil-gingrey\/G000550?q=%7B%22search%22%3A%5B%22%5C%22hres621%5C%22%22%5D%7D"}}