{"bill":{"name":["H.Res.396"],"url":"https:\/\/www.congress.gov\/bill\/109th-congress\/house-resolution\/396?q=%7B%22search%22%3A%5B%22%5C%22hres396%5C%22%22%5D%7D&resultIndex=1","summary":[],"current-status":[{"status":"Passed House","details":{"actionDate":"2005-07-28","displayText":"Passed\/agreed to in House: On agreeing to the resolution Agreed to by the Yeas and Nays: 375 - 27, 24 Present (Roll no. 447).(text: CR H6948)","externalActionCode":"8000","description":"Passed House"}}]},"congress-man":{"name":["Rep. Diaz-Balart, Lincoln [R-FL-21]"],"url":"https:\/\/www.congress.gov\/member\/lincoln-diaz-balart\/D000299?q=%7B%22search%22%3A%5B%22%5C%22hres396%5C%22%22%5D%7D"}}