{"bill":{"name":["H.Res.360"],"url":"https:\/\/www.congress.gov\/bill\/109th-congress\/house-resolution\/360?q=%7B%22search%22%3A%5B%22%5C%22hres360%5C%22%22%5D%7D&resultIndex=1","summary":[],"current-status":[{"status":"Passed House","details":{"actionDate":"2005-09-06","displayText":"Passed\/agreed to in House: On motion to suspend the rules and agree to the resolution Agreed to by the Yeas and Nays: (2\/3 required): 394 - 0 (Roll no. 454).(text: CR H7650)","externalActionCode":"8000","description":"Passed House"}}]},"congress-man":{"name":["Rep. Stearns, Cliff [R-FL-6]"],"url":"https:\/\/www.congress.gov\/member\/cliff-stearns\/S000822?q=%7B%22search%22%3A%5B%22%5C%22hres360%5C%22%22%5D%7D"}}