{"bill":{"name":["H.Res.438"],"url":"https:\/\/www.congress.gov\/bill\/109th-congress\/house-resolution\/438?q=%7B%22search%22%3A%5B%22%5C%22hres438%5C%22%22%5D%7D&resultIndex=1","summary":[],"current-status":[{"status":"Passed House","details":{"actionDate":"2005-12-06","displayText":"Passed\/agreed to in House: On motion to suspend the rules and agree to the resolution, as amended Agreed to by the Yeas and Nays: (2\/3 required): 400 - 1 (Roll no. 609).(text: CR H11059)","externalActionCode":"8000","description":"Passed House"}}]},"congress-man":{"name":["Rep. Rothman, Steven R. [D-NJ-9]"],"url":"https:\/\/www.congress.gov\/member\/steven-rothman\/R000462?q=%7B%22search%22%3A%5B%22%5C%22hres438%5C%22%22%5D%7D"}}