{"bill":{"name":["H.Res.324"],"url":"https:\/\/www.congress.gov\/bill\/109th-congress\/house-resolution\/324?q=%7B%22search%22%3A%5B%22%5C%22hres324%5C%22%22%5D%7D&resultIndex=1","summary":[],"current-status":[{"status":"Introduced","details":{"actionDate":"2005-06-16","displayText":"Introduced in House","externalActionCode":"1000","description":"Introduced"}}]},"congress-man":{"name":["Rep. Nadler, Jerrold [D-NY-8]"],"url":"https:\/\/www.congress.gov\/member\/jerrold-nadler\/N000002?q=%7B%22search%22%3A%5B%22%5C%22hres324%5C%22%22%5D%7D"}}