{"bill":{"name":["H.Res.602"],"url":"https:\/\/www.congress.gov\/bill\/109th-congress\/house-resolution\/602?q=%7B%22search%22%3A%5B%22%5C%22hres602%5C%22%22%5D%7D&resultIndex=1","summary":[],"current-status":[{"status":"Passed House","details":{"actionDate":"2005-12-15","displayText":"Passed\/agreed to in House: On agreeing to the resolution Agreed to by the Yeas and Nays: 226 - 199 (Roll no. 633).(text: CR H11660)","externalActionCode":"8000","description":"Passed House"}}]},"congress-man":{"name":["Rep. Hastings, Doc [R-WA-4]"],"url":"https:\/\/www.congress.gov\/member\/doc-hastings\/H000329?q=%7B%22search%22%3A%5B%22%5C%22hres602%5C%22%22%5D%7D"}}