{"bill":{"name":["H.Res.318"],"url":"https:\/\/www.congress.gov\/bill\/109th-congress\/house-resolution\/318?q=%7B%22search%22%3A%5B%22%5C%22hres318%5C%22%22%5D%7D&resultIndex=1","summary":["Congressional Bills 109th CongressFrom the US Government Printing OfficeH Res 318 Engrossed in House EHH Res 318 In the House of Representatives US June 13 2006Whereas married fathers are more likely to have a close enduring relationship with their children than unmarried fathersWhereas according to a 1996 Gallup poll 903 percent of Americans agree that fathers make a unique contribution to their childrens livesWhereas in a study of fathers interaction with their children in intact two parent families nearly 90 percent of the fathers surveyed said that being a father is the most fulfilling role a man can haveWhereas a broad array of the Nations leading family and child development experts agree that it is in the best interests of children and the Nation as a whole to encourage more twoparent families where the father is actively involved with his childrenWhereas promoting responsible fatherhood can help increase the chances that children will grow up with two caring parentsWhereas children with fathers at home tend to do better in school to be less prone to emotional and behavioral problems and to have more successful relationshipsWhereas boys and girls alike demonstrate greater selfcontrol and ability to take initiative when fathers are actively involved in their upbringingWhereas children who are apart from their biological fathers are in comparison to other children 5 times more likely to live in poverty and more likely to bring weapons and drugs into the classroom commit other crimes drop out of school commit suicide abuse alcohol or drugs or become pregnant as teenagersWhereas the promotion of responsible fatherhood should not denigrate the standing or parenting efforts of single mothers whose efforts are heroic lessen the protection of children from abusive parents cause women to remain in or enter into abusive relationships or compromise the health or safety of a custodial parent andWhereas Fathers Day is the third Sunday in June Now therefore be it Resolved That the House of Representatives 1 commends the millions of fathers who serve as wonderful caring parents for their children 2 calls on fathers across the Nation to use Fathers Day to reconnect and rededicate themselves to their childrens lives to spend Fathers Day with their children and to express their love and support for their children 3 urges men to understand the level of responsibility fathering a child requires especially in the encouragement of the moral academic and spiritual development of children and 4 encourages active involvement of fathers in the rearing and development of their children including the devotion of time energy and resources Attest Clerk"],"current-status":[{"status":"Passed House","details":{"actionDate":"2006-06-13","displayText":"Passed\/agreed to in House: On motion to suspend the rules and agree to the resolution, as amended Agreed to by the Yeas and Nays: (2\/3 required): 407 - 0, 8 Present (Roll no. 260).(text: CR H3813)","externalActionCode":"8000","description":"Passed House"}}]},"congress-man":{"name":["Rep. Sullivan, John [R-OK-1]"],"url":"https:\/\/www.congress.gov\/member\/john-sullivan\/S001155?q=%7B%22search%22%3A%5B%22%5C%22hres318%5C%22%22%5D%7D"}}