{"bill":{"name":["H.Res.133"],"url":"https:\/\/www.congress.gov\/bill\/109th-congress\/house-resolution\/133?q=%7B%22search%22%3A%5B%22%5C%22hres133%5C%22%22%5D%7D&resultIndex=1","summary":[],"current-status":[{"status":"Passed House","details":{"actionDate":"2005-03-08","displayText":"Passed\/agreed to in House: On motion to suspend the rules and agree to the resolution, as amended Agreed to by the Yeas and Nays: (2\/3 required): 406 - 0 (Roll no. 54).(text: CR H996)","externalActionCode":"8000","description":"Passed House"}}]},"congress-man":{"name":["Rep. Ney, Robert W. [R-OH-18]"],"url":"https:\/\/www.congress.gov\/member\/bob-ney\/N000081?q=%7B%22search%22%3A%5B%22%5C%22hres133%5C%22%22%5D%7D"}}