{"bill":{"name":["H.Res.844"],"url":"https:\/\/www.congress.gov\/bill\/109th-congress\/house-resolution\/844?q=%7B%22search%22%3A%5B%22%5C%22hres844%5C%22%22%5D%7D&resultIndex=1","summary":[],"current-status":[{"status":"Passed House","details":{"actionDate":"2006-07-28","displayText":"Passed\/agreed to in House: On motion to suspend the rules and agree to the resolution, as amended Agreed to by the Yeas and Nays: (2\/3 required): 407 - 0 (Roll no. 423).(text: CR 7\/26\/2006 H5937-5938)","externalActionCode":"8000","description":"Passed House"}}]},"congress-man":{"name":["Rep. Engel, Eliot L. [D-NY-17]"],"url":"https:\/\/www.congress.gov\/member\/eliot-engel\/E000179?q=%7B%22search%22%3A%5B%22%5C%22hres844%5C%22%22%5D%7D"}}