{"bill":{"name":["H.Res.1039"],"url":"https:\/\/www.congress.gov\/bill\/109th-congress\/house-resolution\/1039?q=%7B%22search%22%3A%5B%22%5C%22hres1039%5C%22%22%5D%7D&resultIndex=1","summary":[],"current-status":[{"status":"Passed House","details":{"actionDate":"2006-09-26","displayText":"Passed\/agreed to in House: On agreeing to the resolution Agreed to by the Yeas and Nays: 249 - 157 (Roll no. 475).(text: CR H7364)","externalActionCode":"8000","description":"Passed House"}}]},"congress-man":{"name":["Rep. Gingrey, Phil [R-GA-11]"],"url":"https:\/\/www.congress.gov\/member\/phil-gingrey\/G000550?q=%7B%22search%22%3A%5B%22%5C%22hres1039%5C%22%22%5D%7D"}}