{"bill":{"name":["H.Res.148"],"url":"https:\/\/www.congress.gov\/bill\/109th-congress\/house-resolution\/148?q=%7B%22search%22%3A%5B%22%5C%22hres148%5C%22%22%5D%7D&resultIndex=1","summary":[],"current-status":[{"status":"Passed House","details":{"actionDate":"2005-04-06","displayText":"Passed\/agreed to in House: On motion to suspend the rules and agree to the resolution Agreed to by the Yeas and Nays: (2\/3 required): 409 - 2 (Roll no. 95).(text: CR H1797-1798)","externalActionCode":"8000","description":"Passed House"}}]},"congress-man":{"name":["Rep. Biggert, Judy [R-IL-13]"],"url":"https:\/\/www.congress.gov\/member\/judy-biggert\/B001232?q=%7B%22search%22%3A%5B%22%5C%22hres148%5C%22%22%5D%7D"}}