{"bill":{"name":["H.Res.242"],"url":"https:\/\/www.congress.gov\/bill\/109th-congress\/house-resolution\/242?q=%7B%22search%22%3A%5B%22%5C%22hres242%5C%22%22%5D%7D&resultIndex=1","summary":[],"current-status":[{"status":"Passed House","details":{"actionDate":"2005-04-28","displayText":"Passed\/agreed to in House: On agreeing to the resolution Agreed to by the Yeas and Nays: 230 - 199 (Roll no. 146).(text: CR H2653)","externalActionCode":"8000","description":"Passed House"}}]},"congress-man":{"name":["Rep. Putnam, Adam H. [R-FL-12]"],"url":"https:\/\/www.congress.gov\/member\/adam-putnam\/P000586?q=%7B%22search%22%3A%5B%22%5C%22hres242%5C%22%22%5D%7D"}}