{"bill":{"name":["H.Res.210"],"url":"https:\/\/www.congress.gov\/bill\/109th-congress\/house-resolution\/210?q=%7B%22search%22%3A%5B%22%5C%22hres210%5C%22%22%5D%7D&resultIndex=1","summary":[],"current-status":[{"status":"Passed House","details":{"actionDate":"2005-04-28","displayText":"Passed\/agreed to in House: On motion to suspend the rules and agree to the resolution Agreed to by the Yeas and Nays: (2\/3 required): 315 - 0 (Roll no. 150).(text: CR 4\/27\/2005 H2591)","externalActionCode":"8000","description":"Passed House"}}]},"congress-man":{"name":["Rep. Wexler, Robert [D-FL-19]"],"url":"https:\/\/www.congress.gov\/member\/robert-wexler\/W000314?q=%7B%22search%22%3A%5B%22%5C%22hres210%5C%22%22%5D%7D"}}