{"bill":{"name":["H.Res.298"],"url":"https:\/\/www.congress.gov\/bill\/109th-congress\/house-resolution\/298?q=%7B%22search%22%3A%5B%22%5C%22hres298%5C%22%22%5D%7D&resultIndex=1","summary":[],"current-status":[{"status":"Passed House","details":{"actionDate":"2005-05-26","displayText":"Passed\/agreed to in House: On agreeing to the resolution Agreed to by voice vote.(text: CR H4078)","externalActionCode":"8000","description":"Passed House"}}]},"congress-man":{"name":["Rep. Gingrey, Phil [R-GA-11]"],"url":"https:\/\/www.congress.gov\/member\/phil-gingrey\/G000550?q=%7B%22search%22%3A%5B%22%5C%22hres298%5C%22%22%5D%7D"}}