{"bill":{"name":["H.Res.906"],"url":"https:\/\/www.congress.gov\/bill\/109th-congress\/house-resolution\/906?q=%7B%22search%22%3A%5B%22%5C%22hres906%5C%22%22%5D%7D&resultIndex=1","summary":[],"current-status":[{"status":"Passed House","details":{"actionDate":"2006-07-12","displayText":"Passed\/agreed to in House: On agreeing to the resolution Agreed to by the Yeas and Nays: 308 - 113 (Roll no. 365).(text: CR H5056)","externalActionCode":"8000","description":"Passed House"}}]},"congress-man":{"name":["Rep. Capito, Shelley Moore [R-WV-2]"],"url":"https:\/\/www.congress.gov\/member\/shelley-capito\/C001047?q=%7B%22search%22%3A%5B%22%5C%22hres906%5C%22%22%5D%7D"}}