{"bill":{"name":["H.Res.591"],"url":"https:\/\/www.congress.gov\/bill\/109th-congress\/house-resolution\/591?q=%7B%22search%22%3A%5B%22%5C%22hres591%5C%22%22%5D%7D&resultIndex=1","summary":[],"current-status":[{"status":"Introduced","details":{"actionDate":"2005-12-08","displayText":"Introduced in House","externalActionCode":"1000","description":"Introduced"}}]},"congress-man":{"name":["Rep. Pelosi, Nancy [D-CA-8]"],"url":"https:\/\/www.congress.gov\/member\/nancy-pelosi\/P000197?q=%7B%22search%22%3A%5B%22%5C%22hres591%5C%22%22%5D%7D"}}