{"bill":{"name":["H.Res.211"],"url":"https:\/\/www.congress.gov\/bill\/109th-congress\/house-resolution\/211?q=%7B%22search%22%3A%5B%22%5C%22hres211%5C%22%22%5D%7D&resultIndex=1","summary":[],"current-status":[{"status":"Passed House","details":{"actionDate":"2005-04-14","displayText":"Passed\/agreed to in House: On agreeing to the resolution Agreed to by recorded vote: 227 - 196 (Roll no. 105).(text: CR H1974)","externalActionCode":"8000","description":"Passed House"}}]},"congress-man":{"name":["Rep. Gingrey, Phil [R-GA-11]"],"url":"https:\/\/www.congress.gov\/member\/phil-gingrey\/G000550?q=%7B%22search%22%3A%5B%22%5C%22hres211%5C%22%22%5D%7D"}}