{"bill":{"name":["H.Res.341"],"url":"https:\/\/www.congress.gov\/bill\/109th-congress\/house-resolution\/341?q=%7B%22search%22%3A%5B%22%5C%22hres341%5C%22%22%5D%7D&resultIndex=1","summary":[],"current-status":[{"status":"Passed House","details":{"actionDate":"2005-06-28","displayText":"Passed\/agreed to in House: On agreeing to the resolution Agreed to by voice vote.(text: CR H5266)","externalActionCode":"8000","description":"Passed House"}}]},"congress-man":{"name":["Rep. Diaz-Balart, Lincoln [R-FL-21]"],"url":"https:\/\/www.congress.gov\/member\/lincoln-diaz-balart\/D000299?q=%7B%22search%22%3A%5B%22%5C%22hres341%5C%22%22%5D%7D"}}