{"bill":{"name":["H.Res.302"],"url":"https:\/\/www.congress.gov\/bill\/109th-congress\/house-resolution\/302?q=%7B%22search%22%3A%5B%22%5C%22hres302%5C%22%22%5D%7D&resultIndex=1","summary":[],"current-status":[{"status":"Passed House","details":{"actionDate":"2005-11-08","displayText":"Passed\/agreed to in House: On motion to suspend the rules and agree to the resolution, as amended Agreed to by the Yeas and Nays: (2\/3 required): 395 - 0 (Roll no. 575).(text: CR H9974)","externalActionCode":"8000","description":"Passed House"}}]},"congress-man":{"name":["Rep. Pombo, Richard W. [R-CA-11]"],"url":"https:\/\/www.congress.gov\/member\/richard-pombo\/P000419?q=%7B%22search%22%3A%5B%22%5C%22hres302%5C%22%22%5D%7D"}}