{"bill":{"name":["H.Res.1003"],"url":"https:\/\/www.congress.gov\/bill\/109th-congress\/house-resolution\/1003?q=%7B%22search%22%3A%5B%22%5C%22hres1003%5C%22%22%5D%7D&resultIndex=1","summary":["Congressional Bills 109th CongressFrom the US Government Printing OfficeH Res 1003 Engrossed in House EHH Res 1003 In the House of Representatives U S September 14 2006 Resolved That upon adoption of this resolution House Resolution 1000 amended by the amendment in the nature of a substitute recommended by the Committee on Rules now printed in the resolution is hereby adopted Attest Clerk"],"current-status":[{"status":"Passed House","details":{"actionDate":"2006-09-14","displayText":"Passed\/agreed to in House: On agreeing to the resolution Agreed to by recorded vote: 245 - 171 (Roll no. 449).(text: CR H6597)","externalActionCode":"8000","description":"Passed House"}}]},"congress-man":{"name":["Rep. Dreier, David [R-CA-26]"],"url":"https:\/\/www.congress.gov\/member\/david-dreier\/D000492?q=%7B%22search%22%3A%5B%22%5C%22hres1003%5C%22%22%5D%7D"}}