{"bill":{"name":["H.Res.328"],"url":"https:\/\/www.congress.gov\/bill\/109th-congress\/house-resolution\/328?q=%7B%22search%22%3A%5B%22%5C%22hres328%5C%22%22%5D%7D&resultIndex=1","summary":[],"current-status":[{"status":"Passed House","details":{"actionDate":"2005-07-18","displayText":"Passed\/agreed to in House: On motion to suspend the rules and agree to the resolution, as amended Agreed to by the Yeas and Nays: (2\/3 required): 385 - 0 (Roll no. 380).(text: CR H5925)","externalActionCode":"8000","description":"Passed House"}}]},"congress-man":{"name":["Rep. Gallegly, Elton [R-CA-24]"],"url":"https:\/\/www.congress.gov\/member\/elton-gallegly\/G000021?q=%7B%22search%22%3A%5B%22%5C%22hres328%5C%22%22%5D%7D"}}