{"bill":{"name":["H.Res.356"],"url":"https:\/\/www.congress.gov\/bill\/109th-congress\/house-resolution\/356?q=%7B%22search%22%3A%5B%22%5C%22hres356%5C%22%22%5D%7D&resultIndex=1","summary":[],"current-status":[{"status":"Passed House","details":{"actionDate":"2005-07-14","displayText":"Passed\/agreed to in House: On motion to suspend the rules and agree to the resolution Agreed to by the Yeas and Nays: (2\/3 required): 416 - 0 (Roll no. 375).(text: CR 7\/13\/2005 H5766)","externalActionCode":"8000","description":"Passed House"}}]},"congress-man":{"name":["Rep. Hyde, Henry J. [R-IL-6]"],"url":"https:\/\/www.congress.gov\/member\/henry-hyde\/H001022?q=%7B%22search%22%3A%5B%22%5C%22hres356%5C%22%22%5D%7D"}}