{"bill":{"name":["H.Res.386"],"url":"https:\/\/www.congress.gov\/bill\/109th-congress\/house-resolution\/386?q=%7B%22search%22%3A%5B%22%5C%22hres386%5C%22%22%5D%7D&resultIndex=1","summary":[],"current-status":[{"status":"Passed House","details":{"actionDate":"2005-07-27","displayText":"Passed\/agreed to in House: On agreeing to the resolution Agreed to by the Yeas and Nays: 227 - 201 (Roll no. 442).(text: CR H6870)","externalActionCode":"8000","description":"Passed House"}}]},"congress-man":{"name":["Rep. Dreier, David [R-CA-26]"],"url":"https:\/\/www.congress.gov\/member\/david-dreier\/D000492?q=%7B%22search%22%3A%5B%22%5C%22hres386%5C%22%22%5D%7D"}}