{"bill":{"name":["H.Res.832"],"url":"https:\/\/www.congress.gov\/bill\/109th-congress\/house-resolution\/832?q=%7B%22search%22%3A%5B%22%5C%22hres832%5C%22%22%5D%7D&resultIndex=1","summary":["Congressional Bills 109th CongressFrom the US Government Printing OfficeH Res 832 Engrossed in House EHH Res 832 In the House of Representatives US May 24 2006 Resolved That at any time after the adoption of this resolution the Speaker may pursuant to clause 2b of rule XVIII declare the House resolved into the Committee of the Whole House on the state of the Union for consideration of the bill HR 5427 making appropriations for energy and water development for the fiscal year ending September 30 2007 and for other purposes The first reading of the bill shall be dispensed with All points of order against consideration of the bill are waived General debate shall be confined to the bill and shall not exceed one hour equally divided and controlled by the chairman and ranking minority member of the Committee on Appropriations After general debate the bill shall be considered for amendment under the fiveminute rule Points of order against provisions in the bill for failure to comply with clause 2 of rule XXI are waived except for section 102 During consideration of the bill for amendment the Chairman of the Committee of the Whole may accord priority in recognition on the basis of whether the Member offering an amendment has caused it to be printed in the portion of the Congressional Record designated for that purpose in clause 8 of rule XVIII Amendments so printed shall be considered as read When the committee rises and reports the bill back to the House with a recommendation that the bill do pass the previous question shall be considered as ordered on the bill and amendments thereto to final passage without intervening motion except one motion to recommit with or without instructions Attest Clerk"],"current-status":[{"status":"Passed House","details":{"actionDate":"2006-05-24","displayText":"Passed\/agreed to in House: On agreeing to the resolution Agreed to by recorded vote: 254 - 165 (Roll no. 195).(text: CR 5\/23\/2006 H3119)","externalActionCode":"8000","description":"Passed House"}}]},"congress-man":{"name":["Rep. Hastings, Doc [R-WA-4]"],"url":"https:\/\/www.congress.gov\/member\/doc-hastings\/H000329?q=%7B%22search%22%3A%5B%22%5C%22hres832%5C%22%22%5D%7D"}}