{"bill":{"name":["H.Res.1052"],"url":"https:\/\/www.congress.gov\/bill\/109th-congress\/house-resolution\/1052?q=%7B%22search%22%3A%5B%22%5C%22hres1052%5C%22%22%5D%7D&resultIndex=1","summary":["Congressional Bills 109th CongressFrom the US Government Printing OfficeH Res 1052 Engrossed in House EHH Res 1052 In the House of Representatives U S September 28 2006 Resolved That upon the adoption of this resolution it shall be in order without intervention of any point of order to consider in the House the bill HR 5825 to update the Foreign Intelligence Surveillance Act of 1978 In lieu of the amendments recommended by the Committee on the Judiciary and the Permanent Select Committee on Intelligence now printed in the bill the amendment in the nature of a substitute printed in the report of the Committee on Rules accompanying this resolution shall be considered as adopted The bill as amended shall be considered as read The previous question shall be considered as ordered on the bill as amended to final passage without intervening motion except 1 90 minutes of debate with 60 minutes equally divided and controlled by the chairman and ranking minority member of the Committee on the Judiciary and 30 minutes equally divided and controlled by the chairman and ranking minority member of the Permanent Select Committee on Intelligence and 2 one motion to recommit with or without instructions Sec 2 During consideration of HR 5825 pursuant to this resolution notwithstanding the operation of the previous question the Chair may postpone further consideration of the bill to a time designated by the Speaker Attest Clerk"],"current-status":[{"status":"Passed House","details":{"actionDate":"2006-09-28","displayText":"Passed\/agreed to in House: On agreeing to the resolution Agreed to by recorded vote: 220 - 199 (Roll no. 499).(text: CR H7775; text: CR H7783-7784)","externalActionCode":"8000","description":"Passed House"}}]},"congress-man":{"name":["Rep. Putnam, Adam H. [R-FL-12]"],"url":"https:\/\/www.congress.gov\/member\/adam-putnam\/P000586?q=%7B%22search%22%3A%5B%22%5C%22hres1052%5C%22%22%5D%7D"}}