{"bill":{"name":["H.Res.803"],"url":"https:\/\/www.congress.gov\/bill\/109th-congress\/house-resolution\/803?q=%7B%22search%22%3A%5B%22%5C%22hres803%5C%22%22%5D%7D&resultIndex=1","summary":[],"current-status":[{"status":"Passed House","details":{"actionDate":"2006-05-09","displayText":"Passed\/agreed to in House: On motion to suspend the rules and agree to the resolution Agreed to by the Yeas and Nays: (2\/3 required): 412 - 0 (Roll no. 128).(text: CR H2193)","externalActionCode":"8000","description":"Passed House"}}]},"congress-man":{"name":["Rep. Foxx, Virginia [R-NC-5]"],"url":"https:\/\/www.congress.gov\/member\/virginia-foxx\/F000450?q=%7B%22search%22%3A%5B%22%5C%22hres803%5C%22%22%5D%7D"}}