{"bill":{"name":["H.Res.365"],"url":"https:\/\/www.congress.gov\/bill\/109th-congress\/house-resolution\/365?q=%7B%22search%22%3A%5B%22%5C%22hres365%5C%22%22%5D%7D&resultIndex=1","summary":[],"current-status":[{"status":"Passed House","details":{"actionDate":"2005-07-19","displayText":"Passed\/agreed to in House: On agreeing to the resolution Agreed to by recorded vote: 228 - 190 (Roll no. 384).","externalActionCode":"8000","description":"Passed House"}}]},"congress-man":{"name":["Rep. Bishop, Rob [R-UT-1]"],"url":"https:\/\/www.congress.gov\/member\/rob-bishop\/B001250?q=%7B%22search%22%3A%5B%22%5C%22hres365%5C%22%22%5D%7D"}}