{"bill":{"name":["H.Res.293"],"url":"https:\/\/www.congress.gov\/bill\/109th-congress\/house-resolution\/293?q=%7B%22search%22%3A%5B%22%5C%22hres293%5C%22%22%5D%7D&resultIndex=1","summary":[],"current-status":[{"status":"Passed House","details":{"actionDate":"2005-05-25","displayText":"Passed\/agreed to in House: On agreeing to the resolution Agreed to by recorded vote: 225 - 198 (Roll no. 213).(text: CR H3900-3901)","externalActionCode":"8000","description":"Passed House"}}]},"congress-man":{"name":["Rep. Cole, Tom [R-OK-4]"],"url":"https:\/\/www.congress.gov\/member\/tom-cole\/C001053?q=%7B%22search%22%3A%5B%22%5C%22hres293%5C%22%22%5D%7D"}}