{"bill":{"name":["H.Res.996"],"url":"https:\/\/www.congress.gov\/bill\/109th-congress\/house-resolution\/996?q=%7B%22search%22%3A%5B%22%5C%22hres996%5C%22%22%5D%7D&resultIndex=1","summary":["Congressional Bills 109th CongressFrom the US Government Printing OfficeH Res 996 Engrossed in House EHH Res 996 In the House of Representatives U S September 13 2006 Resolved That upon the adoption of this resolution it shall be in order without intervention of any point of order to consider in the House the resolution H Res 994 expressing the sense of the House of Representatives on the fifth anniversary of the terrorist attacks launched against the United States on September 11 2001 The resolution shall be considered as read The previous question shall be considered as ordered on the resolution and preamble to final adoption without intervening motion or demand for division of the question except 1 four hours of debate equally divided and controlled by the Majority Leader and Minority Leader or their designees and 2 one motion to recommit which may not contain instructions Sec 2 During consideration of House Resolution 994 pursuant to this resolution notwithstanding the operation of the previous question the Chair may postpone further consideration of the resolution to a time designated by the Speaker Attest Clerk"],"current-status":[{"status":"Passed House","details":{"actionDate":"2006-09-13","displayText":"Passed\/agreed to in House: On agreeing to the resolution Agreed to by voice vote.(text: CR H6439)","externalActionCode":"8000","description":"Passed House"}}]},"congress-man":{"name":["Rep. Sessions, Pete [R-TX-32]"],"url":"https:\/\/www.congress.gov\/member\/pete-sessions\/S000250?q=%7B%22search%22%3A%5B%22%5C%22hres996%5C%22%22%5D%7D"}}