{"bill":{"name":["H.Res.364"],"url":"https:\/\/www.congress.gov\/bill\/109th-congress\/house-resolution\/364?q=%7B%22search%22%3A%5B%22%5C%22hres364%5C%22%22%5D%7D&resultIndex=1","summary":[],"current-status":[{"status":"Passed House","details":{"actionDate":"2005-07-18","displayText":"Passed\/agreed to in House: On motion to suspend the rules and agree to the resolution Agreed to by the Yeas and Nays: (2\/3 required): 388 - 0 (Roll no. 382).(text: CR H5930)","externalActionCode":"8000","description":"Passed House"}}]},"congress-man":{"name":["Rep. DeLay, Tom [R-TX-22]"],"url":"https:\/\/www.congress.gov\/member\/tom-delay\/D000217?q=%7B%22search%22%3A%5B%22%5C%22hres364%5C%22%22%5D%7D"}}