{"bill":{"name":["H.Res.781"],"url":"https:\/\/www.congress.gov\/bill\/109th-congress\/house-resolution\/781?q=%7B%22search%22%3A%5B%22%5C%22hres781%5C%22%22%5D%7D&resultIndex=1","summary":["Congressional Bills 109th CongressFrom the US Government Printing OfficeH Res 781 Engrossed in House EHH Res 781 In the House of Representatives US May 3 2006Whereas charter schools deliver highquality education and challenge our students to reach their potentialWhereas charter schools provide thousands of families with diverse and innovative educational options for their childrenWhereas charter schools are public schools authorized by a designated public entity that are responding to the needs of our communities families and students and promoting the principles of quality choice and innovationWhereas in exchange for the flexibility and autonomy given to charter schools they are held accountable by their sponsors for improving student achievement and for their financial and other operationsWhereas 40 States and the District of Columbia have passed laws authorizing charter schoolsWhereas over 3600 charter schools are now operating in 40 States and the District of Columbia serving more than 1 million studentsWhereas over the last 12 years Congress has provided nearly 1775000000 in support to the charter school movement through facilities financing assistance and grants for planning startup implementation and disseminationWhereas charter schools improve their students achievement and stimulate improvement in traditional public schoolsWhereas charter schools must meet the student achievement accountability requirements under the Elementary and Secondary Education Act of 1965 in the same manner as traditional public schools and often set higher and additional individual goals to ensure that they are of high quality and truly accountable to the publicWhereas charter schools give parents new freedom to choose their public school routinely measure parental satisfaction levels and must prove their ongoing success to parents policymakers and their communitiesWhereas nearly 56 percent of charter schools report having a waiting list and the total number of students on all such waiting lists is enough to fill over 1100 averagesized charter schoolsWhereas charter schools nationwide serve a higher percentage of lowincome and minority students than the traditional public systemWhereas charter schools have enjoyed broad bipartisan support from the Administration Congress State Governors and legislatures educators and parents across the United States andWhereas the seventh annual National Charter Schools Week to be held May 1 through 6 2006 is an event sponsored by charter schools and grassroots charter school organizations across the United States to recognize the significant impacts achievements and innovations of charter schools Now therefore be it Resolved That 1 the House of Representatives acknowledges and commends charter schools and their students parents teachers and administrators across the United States for their ongoing contributions to education and improving and strengthening our public school system 2 the House of Representatives supports the seventh annual National Charter Schools Week and 3 it is the sense of the House of Representatives that the President should issue a proclamation calling on the people of the United States to conduct appropriate programs ceremonies and activities to demonstrate support for charter schools during this weeklong celebration in communities throughout the United States Attest Clerk"],"current-status":[{"status":"Passed House","details":{"actionDate":"2006-05-03","displayText":"Passed\/agreed to in House: On motion to suspend the rules and agree to the resolution Agreed to by the Yeas and Nays: (2\/3 required): 417 - 1, 3 Present (Roll no. 120).(text: CR H1988)","externalActionCode":"8000","description":"Passed House"}}]},"congress-man":{"name":["Rep. Porter, Jon C. [R-NV-3]"],"url":"https:\/\/www.congress.gov\/member\/jon-porter\/P000589?q=%7B%22search%22%3A%5B%22%5C%22hres781%5C%22%22%5D%7D"}}