{"bill":{"name":["H.Res.202"],"url":"https:\/\/www.congress.gov\/bill\/109th-congress\/house-resolution\/202?q=%7B%22search%22%3A%5B%22%5C%22hres202%5C%22%22%5D%7D&resultIndex=1","summary":[],"current-status":[{"status":"Passed House","details":{"actionDate":"2005-04-13","displayText":"Passed\/agreed to in House: On agreeing to the resolution Agreed to by voice vote.(text: CR H1910)","externalActionCode":"8000","description":"Passed House"}}]},"congress-man":{"name":["Rep. Hastings, Doc [R-WA-4]"],"url":"https:\/\/www.congress.gov\/member\/doc-hastings\/H000329?q=%7B%22search%22%3A%5B%22%5C%22hres202%5C%22%22%5D%7D"}}