{"bill":{"name":["H.Res.766"],"url":"https:\/\/www.congress.gov\/bill\/109th-congress\/house-resolution\/766?q=%7B%22search%22%3A%5B%22%5C%22hres766%5C%22%22%5D%7D&resultIndex=1","summary":["Congressional Bills 109th CongressFrom the US Government Printing OfficeH Res 766 Engrossed in House EHH Res 766 In the House of Representatives US April 6 2006 Resolved That at any time after the adoption of this resolution the Speaker may pursuant to clause 2b of rule XVIII declare the House resolved into the Committee of the Whole House on the state of the Union for consideration of the concurrent resolution H Con Res 376 establishing the congressional budget for the United States Government for fiscal year 2007 and setting forth appropriate budgetary levels for fiscal years 2008 through 2011 The first reading of the concurrent resolution shall be dispensed with All points of order against consideration of the concurrent resolution are waived General debate shall not exceed four hours with three hours of general debate confined to the congressional budget equally divided and controlled by the chairman and ranking minority member of the Committee on the Budget and one hour of general debate on the subject of economic goals and policies equally divided and controlled by Representative Saxton of New Jersey and Representative Maloney of New York or their designees After general debate the Committee of the Whole shall rise without motion No further consideration of the concurrent resolution shall be in order except pursuant to a subsequent order of the House Attest Clerk"],"current-status":[{"status":"Passed House","details":{"actionDate":"2006-04-06","displayText":"Passed\/agreed to in House: On agreeing to the resolution Agreed to by recorded vote: 225 - 196 (Roll no. 92).(text: CR H1568)","externalActionCode":"8000","description":"Passed House"}}]},"congress-man":{"name":["Rep. Putnam, Adam H. [R-FL-12]"],"url":"https:\/\/www.congress.gov\/member\/adam-putnam\/P000586?q=%7B%22search%22%3A%5B%22%5C%22hres766%5C%22%22%5D%7D"}}