{"bill":{"name":["H.Res.547"],"url":"https:\/\/www.congress.gov\/bill\/109th-congress\/house-resolution\/547?q=%7B%22search%22%3A%5B%22%5C%22hres547%5C%22%22%5D%7D&resultIndex=1","summary":["Congressional Bills 109th CongressFrom the US Government Printing OfficeH Res 547 Engrossed in House EHH Res 547 In the House of Representatives US November 16 2005Whereas the Palmdale School District sent parents of elementary school students at Mesquite Elementary School in Palmdale California a letter requesting consent to give a psychological assessment questionnaire to their first third and fifth grade studentsWhereas without the informed consent of their parents the young students were instead administered a questionnaire that contained sexually explicit and developmentally inappropriate questionsWhereas seven parents subsequently filed a complaint against the Palmdale School District in a Federal district courtWhereas on November 2 2005 a 3judge panel of the Ninth Circuit Court of Appeals affirmed the decision of the United States District Court for the Central District of California in the case Fields v Palmdale School District and held that parents have no constitutional right    to prevent a public school from providing its students with whatever information it wishes to provide sexual or otherwise when and as the school determines that it is appropriate to do soWhereas the Ninth Circuit stated once parents make the choice as to which school their children will attend their fundamental right to control the education of their children is at the least substantially diminishedWhereas in Meyer v Nebraska 262 US 390 401 1923 the Supreme Court recognized that the liberty guaranteed by the 14th amendment to the Constitution encompasses the power of parents to control the education of their childrenWhereas the Supreme Court in Pierce v Society of Sisters 268 US 510 53435 1925 highlighted the Meyer doctrine that parents and guardians have the liberty to direct the upbringing and education of children under control and emphasized that the child is not the mere creature of the state those who nurture him and direct his destiny have the right coupled with the high duty to recognize and prepare him for additional obligationsWhereas in Wisconsin v Yoder 406 US 205 23233 1972 the Supreme Court acknowledged that the history and culture of Western civilization reflect a strong tradition of parental concern for the nurture and upbringing of their children This primary role of the parents in the upbringing of their children is now established beyond debate as an enduring American tradition    The duty to prepare the child for additional obligations referred to by the Court in Pierce must be read to include the inculcation of moral standards religious beliefs and elements of good citizenshipWhereas a plurality of the Supreme Court has stated it cannot now be doubted that the Due Process Clause of the Fourteenth Amendment protects the fundamental right of parents to make decisions concerning the care custody and control of their children Troxel v Granville 530 US 57 66 2000 plurality opinionWhereas the Ninth Circuits decision in Fields v Palmdale School District presupposes that parents make the choice as to which school their children will attend when in fact many parents do not have such a choiceWhereas the decision in Fields establishes a dangerous precedent for limiting parental involvement in the public education of their children andWhereas the rights of parents ought to be strengthened whenever possible as they are the cornerstone of American society Now therefore be it Resolved That it is the sense of the House of Representatives that 1 the fundamental right of parents to direct the education of their children is firmly grounded in the Nations Constitution and traditions 2 the Ninth Circuits ruling in Fields v Palmdale School District undermines the fundamental right of parents to direct the upbringing of their children and 3 the United States Court of Appeals for the Ninth Circuit should agree to rehear the case en banc in order to reverse this constitutionally infirm ruling Attest Clerk"],"current-status":[{"status":"Passed House","details":{"actionDate":"2005-11-16","displayText":"Passed\/agreed to in House: On motion to suspend the rules and agree to the resolution Agreed to by the Yeas and Nays: (2\/3 required): 320 - 91, 12 Present (Roll no. 591).(text: CR H10312)","externalActionCode":"8000","description":"Passed House"}}]},"congress-man":{"name":["Rep. Murphy, Tim [R-PA-18]"],"url":"https:\/\/www.congress.gov\/member\/tim-murphy\/M001151?q=%7B%22search%22%3A%5B%22%5C%22hres547%5C%22%22%5D%7D"}}