{"bill":{"name":["H.Res.1018"],"url":"https:\/\/www.congress.gov\/bill\/109th-congress\/house-resolution\/1018?q=%7B%22search%22%3A%5B%22%5C%22hres1018%5C%22%22%5D%7D&resultIndex=1","summary":["Congressional Bills 109th CongressFrom the US Government Printing OfficeH Res 1018 Engrossed in House EHH Res 1018 In the House of Representatives U S September 21 2006 Resolved That upon the adoption of this resolution it shall be in order without intervention of any point of order to consider in the House the bill HR 4830 to amend chapter 27 of title 18 United States Code to prohibit the unauthorized construction financing or reckless permitting on ones land the construction or use of a tunnel or subterranean passageway between the United States and another country The bill shall be considered as read The previous question shall be considered as ordered on the bill to final passage without intervening motion except 1 one hour of debate equally divided and controlled by the chairman and ranking minority member of the Committee on the Judiciary and 2 one motion to recommit Sec 2 Upon the adoption of this resolution it shall be in order without intervention of any point of order to consider in the House the bill HR 6094 to restore the Secretary of Homeland Securitys authority to detain dangerous aliens to ensure the removal of deportable criminal aliens and combat alien gang crime The bill shall be considered as read The previous question shall be considered as ordered on the bill to final passage without intervening motion except 1 one hour of debate equally divided and controlled by the chairman and ranking minority member of the Committee on the Judiciary and 2 one motion to recommit Sec 3 Upon the adoption of this resolution it shall be in order without intervention of any point of order to consider in the House the bill HR 6095 to affirm the inherent authority of State and local law enforcement to assist in the enforcement of immigration laws to provide for effective prosecution of alien smugglers and to reform immigration litigation procedures The bill shall be considered as read The previous question shall be considered as ordered on the bill to final passage without intervening motion except 1 one hour of debate equally divided and controlled by the chairman and ranking minority member of the Committee on the Judiciary and 2 one motion to recommit Attest Clerk"],"current-status":[{"status":"Passed House","details":{"actionDate":"2006-09-21","displayText":"Passed\/agreed to in House: On agreeing to the resolution Agreed to by recorded vote: 227 - 195 (Roll no. 462).(text: CR H6850-6851)","externalActionCode":"8000","description":"Passed House"}}]},"congress-man":{"name":["Rep. Gingrey, Phil [R-GA-11]"],"url":"https:\/\/www.congress.gov\/member\/phil-gingrey\/G000550?q=%7B%22search%22%3A%5B%22%5C%22hres1018%5C%22%22%5D%7D"}}