{"bill":{"name":["H.Res.559"],"url":"https:\/\/www.congress.gov\/bill\/109th-congress\/house-resolution\/559?q=%7B%22search%22%3A%5B%22%5C%22hres559%5C%22%22%5D%7D&resultIndex=1","summary":["Congressional Bills 109th CongressFrom the US Government Printing OfficeH Res 559 Reported in House RH House Calendar No 121109th CONGRESS 1st SessionH RES 559 Report No 109302Waiving points of order against the conference report to accompany the bill HR 3010 making appropriations for the Departments of Labor Health and Human Services and Education and Related Agencies for the fiscal year ending September 30 2006 and for other purposes IN THE HOUSE OF REPRESENTATIVES November 17 legislative day November 16 2005 Mrs Capito from the Committee on Rules reported the following resolution which was referred to the House Calendar and ordered to be printed RESOLUTION Waiving points of order against the conference report to accompany the bill HR 3010 making appropriations for the Departments of Labor Health and Human Services and Education and Related Agencies for the fiscal year ending September 30 2006 and for other purposes Resolved That upon adoption of this resolution it shall be in order to consider the conference report to accompany the bill HR 3010 making appropriations for the Departments of Labor Health and Human Services and Education and Related Agencies for the fiscal year ending September 30 2006 and for other purposes All points of order against the conference report and against its consideration are waived The conference report shall be considered as read House Calendar No 121109th CONGRESS 1st Session H RES 559 Report No 109302 RESOLUTIONWaiving points of order against the conference report to accompany the bill HR 3010 making appropriations for the Departments of Labor Health and Human Services and Education and Related Agencies for the fiscal year ending September 30 2006 and for other purposes November 17 legislative day November 16 2005 Referred to the House Calendar and ordered to be printed"],"current-status":[{"status":"Passed House","details":{"actionDate":"2005-11-17","displayText":"Passed\/agreed to in House: On agreeing to the resolution Agreed to by the Yeas and Nays: 244 - 185 (Roll no. 596).(text: CR H10512)","externalActionCode":"8000","description":"Passed House"}}]},"congress-man":{"name":["Rep. Capito, Shelley Moore [R-WV-2]"],"url":"https:\/\/www.congress.gov\/member\/shelley-capito\/C001047?q=%7B%22search%22%3A%5B%22%5C%22hres559%5C%22%22%5D%7D"}}