{"bill":{"name":["H.Res.605"],"url":"https:\/\/www.congress.gov\/bill\/109th-congress\/house-resolution\/605?q=%7B%22search%22%3A%5B%22%5C%22hres605%5C%22%22%5D%7D&resultIndex=1","summary":["Congressional Bills 109th CongressFrom the US Government Printing OfficeH Res 605 Engrossed in House EHH Res 605 In the House of Representatives U S September 6 2006Whereas Preston Robert Bob Tisch was born on April 29th 1926 in the Bensonhurst neighborhood of Brooklyn to a middle class familyWhereas Bob Tisch attended Erasmus Hall High School in Brooklyn for 3 years and DeWitt Clinton High School in the Bronx for one yearWhereas Bob Tisch earned a Bachelor of Arts degree in economics from the University of Michigan in 1948Whereas in 1948 Bob Tisch joined a family hotel business venture the Laurelin thePines in Lakewood New Jersey establishing the foundation for his successWhereas from 1946 through 1959 Bob and Larry Tisch built a thriving hotel chain spanning New York New Jersey and FloridaWhereas in 1959 Bob and Larry Tisch acquired a controlling interest in Loews Theatres consisting of 102 movie theatres and a New York radio station WMGMWhereas the investment in Loews Theatres formed the basis for the modernday Loews Corporation which was created in 1969Whereas Bob and Larry Tisch built Loews Corporation into one of the largest diversified financial corporations in the United StatesWhereas in 1986 Bob Tisch was appointed by the Board of Governors of the United States Postal Service as Postmaster General under the administration of President Ronald ReaganWhereas in 1991 Bob Tisch purchased a 50 percent share in the New York Giants Football ClubWhereas Bob Tisch helped create the MealsonWheels program and served as its president for over 10 years frequently delivering meals himselfWhereas Bob Tisch founded the Take the Field program a program which during the 1990s raised over 100000000 in public and private funds to rebuild 43 athletic fields in New York City for the use of hundreds of thousands of public school studentsWhereas Bob Tisch gave countless millions of dollars to hospitals charities and universities in the spirit of improving the lives of AmericansWhereas on November 15 2005 Bob Tisch died of a brain tumor at the age of 79 andWhereas the life of Bob Tisch serves as a model for selfmade success and positive American philanthropy Now therefore be it Resolved That the House of Representatives on the occasion of the death of Preston Robert Tisch 1 expresses its deepest condolences to his wife of 57 years Joan and their 3 children and 2 recognizes the outstanding contributions Preston Robert Tisch made throughout his life to New York City the New York Giants Football Club the National Football League and the United States Attest Clerk"],"current-status":[{"status":"Passed House","details":{"actionDate":"2006-09-06","displayText":"Passed\/agreed to in House: On motion to suspend the rules and agree to the resolution Agreed to by the Yeas and Nays: (2\/3 required): 399 - 0 (Roll no. 428).(text: CR H6251)","externalActionCode":"8000","description":"Passed House"}}]},"congress-man":{"name":["Rep. Fossella, Vito [R-NY-13]"],"url":"https:\/\/www.congress.gov\/member\/vito-fossella\/F000440?q=%7B%22search%22%3A%5B%22%5C%22hres605%5C%22%22%5D%7D"}}