{"bill":{"name":["H.Res.91"],"url":"https:\/\/www.congress.gov\/bill\/109th-congress\/house-resolution\/91?q=%7B%22search%22%3A%5B%22%5C%22hres91%5C%22%22%5D%7D&resultIndex=1","summary":[],"current-status":[{"status":"Passed House","details":{"actionDate":"2005-02-17","displayText":"Passed\/agreed to in House: On motion to suspend the rules and agree to the resolution, as amended Agreed to by the Yeas and Nays: (2\/3 required): 409 - 0 (Roll no. 39).(text: CR 2\/16\/2005 H669","externalActionCode":"8000","description":"Passed House"}}]},"congress-man":{"name":["Rep. Rahall, Nick J., II [D-WV-3]"],"url":"https:\/\/www.congress.gov\/member\/nick-rahall\/R000011?q=%7B%22search%22%3A%5B%22%5C%22hres91%5C%22%22%5D%7D"}}