{"bill":{"name":["H.Res.352"],"url":"https:\/\/www.congress.gov\/bill\/109th-congress\/house-resolution\/352?q=%7B%22search%22%3A%5B%22%5C%22hres352%5C%22%22%5D%7D&resultIndex=1","summary":[],"current-status":[{"status":"Failed House","details":{"actionDate":"2005-07-12","displayText":"Failed of passage\/not agreed to in House: On motion to suspend the rules and agree to the resolution Failed by the Yeas and Nays: (2\/3 required): 242 - 177 (Roll no. 367).(text: CR H5655)","externalActionCode":"9000","description":"Failed House"}}]},"congress-man":{"name":["Rep. Tiahrt, Todd [R-KS-4]"],"url":"https:\/\/www.congress.gov\/member\/todd-tiahrt\/T000260?q=%7B%22search%22%3A%5B%22%5C%22hres352%5C%22%22%5D%7D"}}