{"bill":{"name":["H.Res.384"],"url":"https:\/\/www.congress.gov\/bill\/109th-congress\/house-resolution\/384?q=%7B%22search%22%3A%5B%22%5C%22hres384%5C%22%22%5D%7D&resultIndex=1","summary":[],"current-status":[{"status":"Passed House","details":{"actionDate":"2005-07-27","displayText":"Passed\/agreed to in House: On motion to suspend the rules and agree to the resolution Agreed to by the Yeas and Nays: (2\/3 required): 428 - 0 (Roll no. 439).(text: CR H6837)","externalActionCode":"8000","description":"Passed House"}}]},"congress-man":{"name":["Rep. Issa, Darrell E. [R-CA-49]"],"url":"https:\/\/www.congress.gov\/member\/darrell-issa\/I000056?q=%7B%22search%22%3A%5B%22%5C%22hres384%5C%22%22%5D%7D"}}