{"bill":{"name":["H.Res.1053"],"url":"https:\/\/www.congress.gov\/bill\/109th-congress\/house-resolution\/1053?q=%7B%22search%22%3A%5B%22%5C%22hres1053%5C%22%22%5D%7D&resultIndex=1","summary":["Congressional Bills 109th CongressFrom the US Government Printing OfficeH Res 1053 Engrossed in House EHH Res 1053 In the House of Representatives U S September 29 2006 Resolved That the requirement of clause 6a of rule XIII for a twothirds vote to consider a report from the Committee on Rules on the same day it is presented to the House is waived with respect to any resolution reported on the legislative day of September 29 2006 Attest Clerk"],"current-status":[{"status":"Passed House","details":{"actionDate":"2006-09-29","displayText":"Passed\/agreed to in House: On agreeing to the resolution Agreed to by recorded vote: 227 - 193 (Roll no. 507).(text: CR H7952)","externalActionCode":"8000","description":"Passed House"}}]},"congress-man":{"name":["Rep. Cole, Tom [R-OK-4]"],"url":"https:\/\/www.congress.gov\/member\/tom-cole\/C001053?q=%7B%22search%22%3A%5B%22%5C%22hres1053%5C%22%22%5D%7D"}}