{"bill":{"name":["H.Res.535"],"url":"https:\/\/www.congress.gov\/bill\/109th-congress\/house-resolution\/535?q=%7B%22search%22%3A%5B%22%5C%22hres535%5C%22%22%5D%7D&resultIndex=1","summary":[],"current-status":[{"status":"Passed House","details":{"actionDate":"2005-12-06","displayText":"Passed\/agreed to in House: On motion to suspend the rules and agree to the resolution Agreed to by the Yeas and Nays: (2\/3 required): 399 - 0 (Roll no. 610).(text: CR H11063)","externalActionCode":"8000","description":"Passed House"}}]},"congress-man":{"name":["Rep. Engel, Eliot L. [D-NY-17]"],"url":"https:\/\/www.congress.gov\/member\/eliot-engel\/E000179?q=%7B%22search%22%3A%5B%22%5C%22hres535%5C%22%22%5D%7D"}}