{"bill":{"name":["H.Res.228"],"url":"https:\/\/www.congress.gov\/bill\/109th-congress\/house-resolution\/228?q=%7B%22search%22%3A%5B%22%5C%22hres228%5C%22%22%5D%7D&resultIndex=1","summary":[],"current-status":[{"status":"Passed House","details":{"actionDate":"2005-05-03","displayText":"Passed\/agreed to in House: On motion to suspend the rules and agree to the resolution, as amended Agreed to by the Yeas and Nays: (2\/3 required): 416 - 0 (Roll no. 152).(text: CR H2758)","externalActionCode":"8000","description":"Passed House"}}]},"congress-man":{"name":["Rep. Davis, Tom [R-VA-11]"],"url":"https:\/\/www.congress.gov\/member\/thomas-davis\/D000136?q=%7B%22search%22%3A%5B%22%5C%22hres228%5C%22%22%5D%7D"}}