{"bill":{"name":["H.Res.120"],"url":"https:\/\/www.congress.gov\/bill\/109th-congress\/house-resolution\/120?q=%7B%22search%22%3A%5B%22%5C%22hres120%5C%22%22%5D%7D&resultIndex=1","summary":[],"current-status":[{"status":"Passed House","details":{"actionDate":"2005-04-05","displayText":"Passed\/agreed to in House: On motion to suspend the rules and agree to the resolution Agreed to by the Yeas and Nays: (2\/3 required): 401 - 0 (Roll no. 92).(text: CR H1740-1741)","externalActionCode":"8000","description":"Passed House"}}]},"congress-man":{"name":["Rep. Blumenauer, Earl [D-OR-3]"],"url":"https:\/\/www.congress.gov\/member\/earl-blumenauer\/B000574?q=%7B%22search%22%3A%5B%22%5C%22hres120%5C%22%22%5D%7D"}}