{"bill":{"name":["H.Res.1064"],"url":"https:\/\/www.congress.gov\/bill\/109th-congress\/house-resolution\/1064?q=%7B%22search%22%3A%5B%22%5C%22hres1064%5C%22%22%5D%7D&resultIndex=1","summary":[],"current-status":[{"status":"Passed House","details":{"actionDate":"2006-09-29","displayText":"Passed\/agreed to in House: On agreeing to the resolution Agreed to by voice vote.(text: CR H8021)","externalActionCode":"8000","description":"Passed House"}}]},"congress-man":{"name":["Rep. Sessions, Pete [R-TX-32]"],"url":"https:\/\/www.congress.gov\/member\/pete-sessions\/S000250?q=%7B%22search%22%3A%5B%22%5C%22hres1064%5C%22%22%5D%7D"}}