{"bill":{"name":["H.Res.890"],"url":"https:\/\/www.congress.gov\/bill\/109th-congress\/house-resolution\/890?q=%7B%22search%22%3A%5B%22%5C%22hres890%5C%22%22%5D%7D&resultIndex=1","summary":["Congressional Bills 109th CongressFrom the US Government Printing OfficeH Res 890 Engrossed in House EHH Res 890 In the House of Representatives US June 27 2006 Resolved That at any time after the adoption of this resolution the Speaker may pursuant to clause 2b of rule XVIII declare the House resolved into the Committee of the Whole House on the state of the Union for consideration of the bill HR 5672 making appropriations for Science the Departments of State Justice and Commerce and related agencies for the fiscal year ending September 30 2007 and for other purposes The first reading of the bill shall be dispensed with All points of order against consideration of the bill are waived General debate shall be confined to the bill and shall not exceed one hour equally divided and controlled by the chairman and ranking minority member of the Committee on Appropriations After general debate the bill shall be considered for amendment under the fiveminute rule All points of order against provisions in the bill for failure to comply with clause 2 of rule XXI are waived except beginning with the colon on page 15 line 18 through page 16 line 4 page 24 lines 17 and 18 and section 607 Where points of order are waived against part of a paragraph points of order against language in another part of such paragraph may be made only against such other part and not against the entire paragraph During consideration of the bill for amendment the Chairman of the Committee of the Whole may accord priority in recognition on the basis of whether the Member offering an amendment has caused it to be printed in the portion of the Congressional Record designated for that purpose in clause 8 of rule XVIII Amendments so printed shall be considered as read When the committee rises and reports the bill back to the House with a recommendation that the bill do pass the previous question shall be considered as ordered on the bill and amendments thereto to final passage without intervening motion except one motion to recommit with or without instructions Sec 2 Upon the adoption of this resolution it shall be in order any rule of the House to the contrary notwithstanding to consider concurrent resolutions providing for adjournment of the House and Senate during the month of July Sec 3 House Resolution 878 is laid upon the table Attest Clerk"],"current-status":[{"status":"Passed House","details":{"actionDate":"2006-06-27","displayText":"Passed\/agreed to in House: On agreeing to the resolution Agreed to by the Yeas and Nays: 224 - 188 (Roll no. 319).(text: CR H4568)","externalActionCode":"8000","description":"Passed House"}}]},"congress-man":{"name":["Rep. Gingrey, Phil [R-GA-11]"],"url":"https:\/\/www.congress.gov\/member\/phil-gingrey\/G000550?q=%7B%22search%22%3A%5B%22%5C%22hres890%5C%22%22%5D%7D"}}