{"bill":{"name":["H.Res.444"],"url":"https:\/\/www.congress.gov\/bill\/109th-congress\/house-resolution\/444?q=%7B%22search%22%3A%5B%22%5C%22hres444%5C%22%22%5D%7D&resultIndex=1","summary":[],"current-status":[{"status":"Passed House","details":{"actionDate":"2005-11-07","displayText":"Passed\/agreed to in House: On motion to suspend the rules and agree to the resolution, as amended Agreed to by the Yeas and Nays: (2\/3 required): 348 - 0 (Roll no. 572).(text: CR H9709)","externalActionCode":"8000","description":"Passed House"}}]},"congress-man":{"name":["Rep. Hall, Ralph M. [R-TX-4]"],"url":"https:\/\/www.congress.gov\/member\/ralph-hall\/H000067?q=%7B%22search%22%3A%5B%22%5C%22hres444%5C%22%22%5D%7D"}}