{"bill":{"name":["H.Res.842"],"url":"https:\/\/www.congress.gov\/bill\/109th-congress\/house-resolution\/842?q=%7B%22search%22%3A%5B%22%5C%22hres842%5C%22%22%5D%7D&resultIndex=1","summary":["Congressional Bills 109th CongressFrom the US Government Printing OfficeH Res 842 Engrossed in House EHH Res 842 In the House of Representatives US June 7 2006 Resolved That upon the adoption of this resolution it shall be in order without intervention of any point of order to consider in the House the bill HR 5254 to set schedules for the consideration of permits for refineries The bill shall be considered as read The previous question shall be considered as ordered on the bill to final passage without intervening motion except 1 one hour of debate equally divided and controlled by the chairman and ranking minority member of the Committee on Energy and Commerce and 2 one motion to recommit Attest Clerk"],"current-status":[{"status":"Passed House","details":{"actionDate":"2006-06-07","displayText":"Passed\/agreed to in House: On agreeing to the resolution Agreed to by recorded vote: 221 - 192 (Roll no. 228).(text: CR 6\/06\/2006 H3376)","externalActionCode":"8000","description":"Passed House"}}]},"congress-man":{"name":["Rep. Diaz-Balart, Lincoln [R-FL-21]"],"url":"https:\/\/www.congress.gov\/member\/lincoln-diaz-balart\/D000299?q=%7B%22search%22%3A%5B%22%5C%22hres842%5C%22%22%5D%7D"}}