{"bill":{"name":["H.Res.487"],"url":"https:\/\/www.congress.gov\/bill\/109th-congress\/house-resolution\/487?q=%7B%22search%22%3A%5B%22%5C%22hres487%5C%22%22%5D%7D&resultIndex=1","summary":["Congressional Bills 109th CongressFrom the US Government Printing OfficeH Res 487 Engrossed in House EHH Res 487 In the House of Representatives US December 13 2005Whereas the influence of Korean Americans may be observed in all facets of American life including entrepreneurship the arts and educationWhereas on January 13 1903 102 pioneer Korean immigrants arrived in the United States initiating the first chapter of Korean immigration to AmericaWhereas the centennial year of 2003 marked an important milestone in the history of Korean immigrationWhereas Korean Americans like other groups of immigrants that came to the United States before them have settled and thrived in the United States through strong family ties community support and hard workWhereas Korean Americans have made significant contributions to the economic vitality of the United States and the global marketplaceWhereas Korean Americans have invigorated businesses churches and academic communities in the United StatesWhereas Korean Americans have made enormous contributions to the military strength of the United StatesWhereas today at least 4000 Korean Americans serve in the Armed Forces of the United States with approximately 25 percent of them currently serving in Iraq andWhereas the Centennial Committees of Korean Immigration and Korean Americans have designated January 13 of each year as Korean American Day to commemorate the first step of the long and prosperous journey of Korean Americans in the United States Now therefore be it Resolved That the House of Representatives 1 supports the goals and ideals of a Korean American Day 2 urges all Americans to observe Korean American Day so as to have a greater appreciation of the invaluable contributions Korean Americans have made to United States and 3 honors and recognizes the 103rd anniversary of the arrival of the first Korean immigrants to the United States Attest Clerk"],"current-status":[{"status":"Passed House","details":{"actionDate":"2005-12-13","displayText":"Passed\/agreed to in House: On motion to suspend the rules and agree to the resolution Agreed to by the Yeas and Nays: (2\/3 required): 405 - 0 (Roll no. 623).(text: CR H11338)","externalActionCode":"8000","description":"Passed House"}}]},"congress-man":{"name":["Rep. Davis, Tom [R-VA-11]"],"url":"https:\/\/www.congress.gov\/member\/thomas-davis\/D000136?q=%7B%22search%22%3A%5B%22%5C%22hres487%5C%22%22%5D%7D"}}