{"bill":{"name":["H.Res.46"],"url":"https:\/\/www.congress.gov\/bill\/109th-congress\/house-resolution\/46?q=%7B%22search%22%3A%5B%22%5C%22hres46%5C%22%22%5D%7D&resultIndex=1","summary":[],"current-status":[{"status":"Passed House","details":{"actionDate":"2005-02-08","displayText":"Passed\/agreed to in House: On motion to suspend the rules and agree to the resolution Agreed to by the Yeas and Nays: (2\/3 required): 414 - 0 (Roll no. 20).(text: CR H357)","externalActionCode":"8000","description":"Passed House"}}]},"congress-man":{"name":["Rep. Osborne, Tom [R-NE-3]"],"url":"https:\/\/www.congress.gov\/member\/tom-osborne\/O000165?q=%7B%22search%22%3A%5B%22%5C%22hres46%5C%22%22%5D%7D"}}