{"bill":{"name":["H.Res.454"],"url":"https:\/\/www.congress.gov\/bill\/109th-congress\/house-resolution\/454?q=%7B%22search%22%3A%5B%22%5C%22hres454%5C%22%22%5D%7D&resultIndex=1","summary":[],"current-status":[{"status":"Passed House","details":{"actionDate":"2005-09-21","displayText":"Passed\/agreed to in House: On motion to suspend the rules and agree to the resolution Agreed to by the Yeas and Nays: (2\/3 required): 422 - 0 (Roll no. 480).(text: CR H8189-8192)","externalActionCode":"8000","description":"Passed House"}}]},"congress-man":{"name":["Rep. McCrery, Jim [R-LA-4]"],"url":"https:\/\/www.congress.gov\/member\/jim-mccrery\/M000388?q=%7B%22search%22%3A%5B%22%5C%22hres454%5C%22%22%5D%7D"}}