{"bill":{"name":["H.Res.283"],"url":"https:\/\/www.congress.gov\/bill\/109th-congress\/house-resolution\/283?q=%7B%22search%22%3A%5B%22%5C%22hres283%5C%22%22%5D%7D&resultIndex=1","summary":[],"current-status":[{"status":"Passed House","details":{"actionDate":"2005-05-18","displayText":"Passed\/agreed to in House: On agreeing to the resolution Agreed to by recorded vote: 284 - 124 (Roll no. 182).(text: CR H3442-3443)","externalActionCode":"8000","description":"Passed House"}}]},"congress-man":{"name":["Rep. Sessions, Pete [R-TX-32]"],"url":"https:\/\/www.congress.gov\/member\/pete-sessions\/S000250?q=%7B%22search%22%3A%5B%22%5C%22hres283%5C%22%22%5D%7D"}}