{"bill":{"name":["H.Res.39"],"url":"https:\/\/www.congress.gov\/bill\/109th-congress\/house-resolution\/39?q=%7B%22search%22%3A%5B%22%5C%22hres39%5C%22%22%5D%7D&resultIndex=1","summary":[],"current-status":[{"status":"Passed House","details":{"actionDate":"2005-01-25","displayText":"Passed\/agreed to in House: On motion to suspend the rules and agree to the resolution Agreed to by the Yeas and Nays: (2\/3 required): 393 - 0 (Roll no. 9).(text: CR H149)","externalActionCode":"8000","description":"Passed House"}}]},"congress-man":{"name":["Rep. Lantos, Tom [D-CA-12]"],"url":"https:\/\/www.congress.gov\/member\/tom-lantos\/L000090?q=%7B%22search%22%3A%5B%22%5C%22hres39%5C%22%22%5D%7D"}}