{"bill":{"name":["H.Res.1002"],"url":"https:\/\/www.congress.gov\/bill\/109th-congress\/house-resolution\/1002?q=%7B%22search%22%3A%5B%22%5C%22hres1002%5C%22%22%5D%7D&resultIndex=1","summary":["Congressional Bills 109th CongressFrom the US Government Printing OfficeH Res 1002 Engrossed in House EHH Res 1002 In the House of Representatives U S September 14 2006 Resolved That upon the adoption of this resolution it shall be in order without intervention of any point of order to consider in the House the bill HR 6061 to establish operational control over the international land and maritime borders of the United States The amendment printed in the report of the Committee on Rules accompanying this resolution shall be considered as adopted The bill as amended shall be considered as read The previous question shall be considered as ordered on the bill as amended to final passage without intervening motion except 1 one hour of debate equally divided and controlled by the chairman and ranking minority member of the Committee on Homeland Security and 2 one motion to recommit with or without instructions Attest Clerk"],"current-status":[{"status":"Passed House","details":{"actionDate":"2006-09-14","displayText":"Passed\/agreed to in House: On agreeing to the resolution Agreed to by voice vote.(text: CR H6540)","externalActionCode":"8000","description":"Passed House"}}]},"congress-man":{"name":["Rep. Sessions, Pete [R-TX-32]"],"url":"https:\/\/www.congress.gov\/member\/pete-sessions\/S000250?q=%7B%22search%22%3A%5B%22%5C%22hres1002%5C%22%22%5D%7D"}}