{"bill":{"name":["H.Res.101"],"url":"https:\/\/www.congress.gov\/bill\/109th-congress\/house-resolution\/101?q=%7B%22search%22%3A%5B%22%5C%22hres101%5C%22%22%5D%7D&resultIndex=1","summary":[],"current-status":[{"status":"Passed House","details":{"actionDate":"2005-03-14","displayText":"Passed\/agreed to in House: On motion to suspend the rules and agree to the resolution, as amended Agreed to by the Yeas and Nays: (2\/3 required): 380 - 3, 5 Present (Roll no. 67).(text: CR H1398)","externalActionCode":"8000","description":"Passed House"}}]},"congress-man":{"name":["Rep. Saxton, Jim [R-NJ-3]"],"url":"https:\/\/www.congress.gov\/member\/h-saxton\/S000097?q=%7B%22search%22%3A%5B%22%5C%22hres101%5C%22%22%5D%7D"}}