{"bill":{"name":["H.Res.376"],"url":"https:\/\/www.congress.gov\/bill\/109th-congress\/house-resolution\/376?q=%7B%22search%22%3A%5B%22%5C%22hres376%5C%22%22%5D%7D&resultIndex=1","summary":[],"current-status":[{"status":"Passed House","details":{"actionDate":"2005-07-25","displayText":"Passed\/agreed to in House: On motion to suspend the rules and agree to the resolution, as amended Agreed to by the Yeas and Nays: (2\/3 required): 355 - 21, 1 Present (Roll no. 419).(text: CR H6401)","externalActionCode":"8000","description":"Passed House"}}]},"congress-man":{"name":["Rep. Upton, Fred [R-MI-6]"],"url":"https:\/\/www.congress.gov\/member\/fred-upton\/U000031?q=%7B%22search%22%3A%5B%22%5C%22hres376%5C%22%22%5D%7D"}}