{"bill":{"name":["H.Res.388"],"url":"https:\/\/www.congress.gov\/bill\/109th-congress\/house-resolution\/388?q=%7B%22search%22%3A%5B%22%5C%22hres388%5C%22%22%5D%7D&resultIndex=1","summary":[],"current-status":[{"status":"Passed House","details":{"actionDate":"2005-09-29","displayText":"Passed\/agreed to in House: On motion to suspend the rules and agree to the resolution Agreed to by the Yeas and Nays: (2\/3 required): 393 - 31 (Roll no. 503).(text: CR 9\/28\/2005 H8408-8409)","externalActionCode":"8000","description":"Passed House"}}]},"congress-man":{"name":["Rep. Diaz-Balart, Lincoln [R-FL-21]"],"url":"https:\/\/www.congress.gov\/member\/lincoln-diaz-balart\/D000299?q=%7B%22search%22%3A%5B%22%5C%22hres388%5C%22%22%5D%7D"}}