{"bill":{"name":["H.Res.95"],"url":"https:\/\/www.congress.gov\/bill\/109th-congress\/house-resolution\/95?q=%7B%22search%22%3A%5B%22%5C%22hres95%5C%22%22%5D%7D&resultIndex=1","summary":[],"current-status":[{"status":"Passed House","details":{"actionDate":"2005-02-16","displayText":"Passed\/agreed to in House: On agreeing to the resolution Agreed to by voice vote.(text: CR H635)","externalActionCode":"8000","description":"Passed House"}}]},"congress-man":{"name":["Rep. Capito, Shelley Moore [R-WV-2]"],"url":"https:\/\/www.congress.gov\/member\/shelley-capito\/C001047?q=%7B%22search%22%3A%5B%22%5C%22hres95%5C%22%22%5D%7D"}}