{"bill":{"name":["H.Res.193"],"url":"https:\/\/www.congress.gov\/bill\/109th-congress\/house-resolution\/193?q=%7B%22search%22%3A%5B%22%5C%22hres193%5C%22%22%5D%7D&resultIndex=1","summary":[],"current-status":[{"status":"Passed House","details":{"actionDate":"2005-05-10","displayText":"Passed\/agreed to in House: On motion to suspend the rules and agree to the resolution Agreed to by the Yeas and Nays: (2\/3 required): 392 - 22, 1 Present (Roll no. 162).(text: CR H3068)","externalActionCode":"8000","description":"Passed House"}}]},"congress-man":{"name":["Rep. Diaz-Balart, Mario [R-FL-25]"],"url":"https:\/\/www.congress.gov\/member\/mario-diaz-balart\/D000600?q=%7B%22search%22%3A%5B%22%5C%22hres193%5C%22%22%5D%7D"}}