{"bill":{"name":["H.Res.1099"],"url":"https:\/\/www.congress.gov\/bill\/109th-congress\/house-resolution\/1099?q=%7B%22search%22%3A%5B%22%5C%22hres1099%5C%22%22%5D%7D&resultIndex=1","summary":["Congressional Bills 109th CongressFrom the US Government Printing OfficeH Res 1099 Engrossed in House EH In the House of Representatives US December 8 2006 Resolved That upon adoption of this resolution it shall be in order to take from the Speakers table the bill HR 6111 to amend the Internal Revenue Code of 1986 to provide that the Tax Court may review claims for equitable innocent spouse relief and to suspend the running on the period of limitations while such claims are pending with the Senate amendment thereto and to consider in the House without intervention of any point of order a motion offered by the chairman of the Committee on Ways and Means or his designee that the House concur in the Senate amendment with the amendment printed in the report of the Committee on Rules accompanying this resolution The Senate amendment and the motion shall be considered as read The motion shall be debatable for one hour equally divided and controlled by the chairman and ranking minority member of the Committee on Ways and Means The previous question shall be considered as ordered on the motion to its adoption without intervening motion except one motion to amend which shall be separately debatable for five minutes by the proponent and five minutes by an opponent Attest Clerk"],"current-status":[{"status":"Passed House","details":{"actionDate":"2006-12-08","displayText":"Passed\/agreed to in House: On agreeing to the resolution Agreed to by the Yeas and Nays: 247 - 164 (Roll no. 530).(text: CR H8989)","externalActionCode":"8000","description":"Passed House"}}]},"congress-man":{"name":["Rep. Gingrey, Phil [R-GA-11]"],"url":"https:\/\/www.congress.gov\/member\/phil-gingrey\/G000550?q=%7B%22search%22%3A%5B%22%5C%22hres1099%5C%22%22%5D%7D"}}