{"bill":{"name":["H.Res.947"],"url":"https:\/\/www.congress.gov\/bill\/109th-congress\/house-resolution\/947?q=%7B%22search%22%3A%5B%22%5C%22hres947%5C%22%22%5D%7D&resultIndex=1","summary":[],"current-status":[{"status":"Passed House","details":{"actionDate":"2006-07-26","displayText":"Passed\/agreed to in House: On agreeing to the resolution Agreed to by the Yeas and Nays: 311 - 112 (Roll no. 406).(text: CR H5894)","externalActionCode":"8000","description":"Passed House"}}]},"congress-man":{"name":["Rep. Bishop, Rob [R-UT-1]"],"url":"https:\/\/www.congress.gov\/member\/rob-bishop\/B001250?q=%7B%22search%22%3A%5B%22%5C%22hres947%5C%22%22%5D%7D"}}