{"bill":{"name":["H.Res.5"],"url":"https:\/\/www.congress.gov\/bill\/109th-congress\/house-resolution\/5?q=%7B%22search%22%3A%5B%22%5C%22hres5%5C%22%22%5D%7D&resultIndex=1","summary":[],"current-status":[{"status":"Passed House","details":{"actionDate":"2005-01-04","displayText":"Passed\/agreed to in House: On agreeing to the resolution Agreed to by the Yeas and Nays: 220 - 195 (Roll no. 6).(text: CR H7-9)","externalActionCode":"8000","description":"Passed House"}}]},"congress-man":{"name":["Rep. DeLay, Tom [R-TX-22]"],"url":"https:\/\/www.congress.gov\/member\/tom-delay\/D000217?q=%7B%22search%22%3A%5B%22%5C%22hres5%5C%22%22%5D%7D"}}