{"bill":{"name":["H.Res.886"],"url":"https:\/\/www.congress.gov\/bill\/109th-congress\/house-resolution\/886?q=%7B%22search%22%3A%5B%22%5C%22hres886%5C%22%22%5D%7D&resultIndex=1","summary":["Congressional Bills 109th CongressFrom the US Government Printing OfficeH Res 886 Engrossed in House EHH Res 886 In the House of Representatives US June 22 2006 Resolved That upon the adoption of this resolution it shall be in order without intervention of any point of order to consider in the House the bill HR 4890 to amend the Congressional and Impoundment Control Act of 1974 to provide for the expedited consideration of certain proposed rescissions of budget authority The bill shall be considered as read The amendment in the nature of a substitute recommended by the Committee on the Budget now printed in the bill modified by the amendment printed in the report of the Committee on Rules accompanying this resolution shall be considered as adopted All points of order against the bill as amended are waived The previous question shall be considered as ordered on the bill as amended to final passage without intervening motion except 1 one hour of debate equally divided and controlled by the chairman and ranking minority member of the Committee on the Budget and 2 one motion to recommit with or without instructions Attest Clerk"],"current-status":[{"status":"Passed House","details":{"actionDate":"2006-06-22","displayText":"Passed\/agreed to in House: On agreeing to the resolution Agreed to by recorded vote: 228 - 196 (Roll no. 311).(text: CR H4433)","externalActionCode":"8000","description":"Passed House"}}]},"congress-man":{"name":["Rep. Putnam, Adam H. [R-FL-12]"],"url":"https:\/\/www.congress.gov\/member\/adam-putnam\/P000586?q=%7B%22search%22%3A%5B%22%5C%22hres886%5C%22%22%5D%7D"}}