{"bill":{"name":["H.Res.958"],"url":"https:\/\/www.congress.gov\/bill\/109th-congress\/house-resolution\/958?q=%7B%22search%22%3A%5B%22%5C%22hres958%5C%22%22%5D%7D&resultIndex=1","summary":[],"current-status":[{"status":"Passed House","details":{"actionDate":"2006-07-28","displayText":"Passed\/agreed to in House: On agreeing to the resolution Agreed to by the Yeas and Nays: 217 - 192 (Roll no. 418).(text: CR H6023-6024)","externalActionCode":"8000","description":"Passed House"}}]},"congress-man":{"name":["Rep. Hastings, Doc [R-WA-4]"],"url":"https:\/\/www.congress.gov\/member\/doc-hastings\/H000329?q=%7B%22search%22%3A%5B%22%5C%22hres958%5C%22%22%5D%7D"}}