{"bill":{"name":["H.Res.598"],"url":"https:\/\/www.congress.gov\/bill\/109th-congress\/house-resolution\/598?q=%7B%22search%22%3A%5B%22%5C%22hres598%5C%22%22%5D%7D&resultIndex=1","summary":[],"current-status":[{"status":"Passed House","details":{"actionDate":"2005-12-16","displayText":"Passed\/agreed to in House: On motion to suspend the rules and agree to the resolution, as amended Agreed to by the Yeas and Nays: (2\/3 required): 404 - 5, 1 Present (Roll no. 662).(text: CR 12\/14\/2005 S11644-11645)","externalActionCode":"8000","description":"Passed House"}}]},"congress-man":{"name":["Rep. Issa, Darrell E. [R-CA-49]"],"url":"https:\/\/www.congress.gov\/member\/darrell-issa\/I000056?q=%7B%22search%22%3A%5B%22%5C%22hres598%5C%22%22%5D%7D"}}