{"bill":{"name":["H.Res.875"],"url":"https:\/\/www.congress.gov\/bill\/109th-congress\/house-resolution\/875?q=%7B%22search%22%3A%5B%22%5C%22hres875%5C%22%22%5D%7D&resultIndex=1","summary":["Congressional Bills 109th CongressFrom the US Government Printing OfficeH Res 875 Engrossed in House EHH Res 875 In the House of Representatives U S September 6 2006Whereas Spelman College was established by Sophia B Packard and Harriet E Giles school teachers and Baptist missionaries in 1881 in Atlanta Georgia for the purpose of educating African American women and girlsWhereas as a result of the benevolence of John D Rockefeller Sr and Laura Spelman Rockefeller the name of the institution was changed from Atlanta Baptist Female Seminary to Spelman Seminary in honor of the Spelman familyWhereas the curriculum expanded to include high school and college classes and Spelman Seminary conferred its first high school diplomas in 1887 and its first college degrees in 1901Whereas in 1924 Spelman Seminary officially became Spelman College and grew to become a leading undergraduate institution for African American womenWhereas Spelman College was ranked among the top 75 Best Liberal Arts Colleges according to US News  World Report 2007 editionWhereas Spelman College is one of six institutions designated by the National Science Foundation and the National Aeronautics and Space Administration as a Model Institution for Excellence in undergraduate science and math educationWhereas the administration of Spelman College has initiated a strategic plan for Spelman Spelman ALIVE that includes five goals Academic excellence Leadership development Improving the infrastructure Visibility of accomplishments of the campus community and Exemplary customer service all designed to create a vision for Spelman of Nothing Less than the Best andWhereas Spelman College has prepared more than six generations of African American women to reach the highest levels of academic community and professional achievement Now therefore be it Resolved That the House of Representatives 1 congratulates Spelman College on the occasion of its 125th anniversary and 2 commends the administration faculty staff students and alumnae of Spelman College for their outstanding achievements and contributions to African American education history and culture Attest Clerk"],"current-status":[{"status":"Passed House","details":{"actionDate":"2006-09-06","displayText":"Passed\/agreed to in House: On motion to suspend the rules and agree to the resolution, as amended Agreed to by the Yeas and Nays: (2\/3 required): 400 - 0 (Roll no. 429).(text: CR H6265)","externalActionCode":"8000","description":"Passed House"}}]},"congress-man":{"name":["Rep. Lewis, John [D-GA-5]"],"url":"https:\/\/www.congress.gov\/member\/john-lewis\/L000287?q=%7B%22search%22%3A%5B%22%5C%22hres875%5C%22%22%5D%7D"}}