{"bill":{"name":["H.Res.208"],"url":"https:\/\/www.congress.gov\/bill\/109th-congress\/house-resolution\/208?q=%7B%22search%22%3A%5B%22%5C%22hres208%5C%22%22%5D%7D&resultIndex=1","summary":[],"current-status":[{"status":"Passed House","details":{"actionDate":"2005-04-20","displayText":"Passed\/agreed to in House: On motion to suspend the rules and agree to the resolution, as amended Agreed to by the Yeas and Nays: (2\/3 required): 422 - 0 (Roll no. 114).(text: CR H2171-2172)","externalActionCode":"8000","description":"Passed House"}}]},"congress-man":{"name":["Rep. Murphy, Tim [R-PA-18]"],"url":"https:\/\/www.congress.gov\/member\/tim-murphy\/M001151?q=%7B%22search%22%3A%5B%22%5C%22hres208%5C%22%22%5D%7D"}}