{"bill":{"name":["H.Res.1045"],"url":"https:\/\/www.congress.gov\/bill\/109th-congress\/house-resolution\/1045?q=%7B%22search%22%3A%5B%22%5C%22hres1045%5C%22%22%5D%7D&resultIndex=1","summary":["Congressional Bills 109th CongressFrom the US Government Printing OfficeH Res 1045 Engrossed in House EHH Res 1045 In the House of Representatives U S September 28 2006 Resolved That it shall be in order at any time through the legislative day of September 29 2006 for the Speaker to entertain motions that the House suspend the rules The Speaker or his designee shall consult with the Minority Leader or her designee on the designation of any matter for consideration pursuant to this resolution Attest Clerk"],"current-status":[{"status":"Passed House","details":{"actionDate":"2006-09-28","displayText":"Passed\/agreed to in House: On agreeing to the resolution Agreed to by voice vote.(text: CR H7680)","externalActionCode":"8000","description":"Passed House"}}]},"congress-man":{"name":["Rep. Hastings, Doc [R-WA-4]"],"url":"https:\/\/www.congress.gov\/member\/doc-hastings\/H000329?q=%7B%22search%22%3A%5B%22%5C%22hres1045%5C%22%22%5D%7D"}}