{"bill":{"name":["H.Res.560"],"url":"https:\/\/www.congress.gov\/bill\/109th-congress\/house-resolution\/560?q=%7B%22search%22%3A%5B%22%5C%22hres560%5C%22%22%5D%7D&resultIndex=1","summary":[],"current-status":[{"status":"Passed House","details":{"actionDate":"2005-11-17","displayText":"Passed\/agreed to in House: On agreeing to the resolution Agreed to by voice vote.(text: CR H10531)","externalActionCode":"8000","description":"Passed House"}}]},"congress-man":{"name":["Rep. Putnam, Adam H. [R-FL-12]"],"url":"https:\/\/www.congress.gov\/member\/adam-putnam\/P000586?q=%7B%22search%22%3A%5B%22%5C%22hres560%5C%22%22%5D%7D"}}