{"bill":{"name":["H.Res.731"],"url":"https:\/\/www.congress.gov\/bill\/109th-congress\/house-resolution\/731?q=%7B%22search%22%3A%5B%22%5C%22hres731%5C%22%22%5D%7D&resultIndex=1","summary":["Congressional Bills 109th CongressFrom the US Government Printing OfficeH Res 731 Engrossed in House EHH Res 731 In the House of Representatives US June 20 2006Whereas in 2005 a small group of American Legion Riders in Kansas calling themselves the Patriot Guard began a movement to shield the families and friends of fallen service members from interruptions by protesters appearing at military funeralsWhereas individuals from Colorado Oklahoma and Texas later brought together diverse groups of motorcycle organizations across the country who rode to honor fallen service members forming an organization known as the Patriot Guard RidersWhereas the Patriot Guard Riders have since grown into a nationwide network including both veterans and nonveterans and riders and nonriders and is open to anyone who shares a respect for service members who have made the ultimate sacrifice for the NationWhereas Patriot Guard Riders attend military funerals to show respect for fallen service members and to shield mourning family members and friends of the deceased from protestors who interrupt or threaten to interrupt the dignity of the eventWhereas across the Nation Patriot Guard Riders volunteer their time to come to the aid of military families in need so to allow the memories of the deceased service member to be remembered with honor and dignityWhereas regardless of ones opinion of the Nations military commitments the families friends and communities of the Nations fallen soldiers deserve a peaceful time of mourning and should not be harassed and caused further suffering at a funeralWhereas Patriot Guard Riders appear at a funeral only at the invitation of the fallen soldiers family and participate in a nonviolent legal manner andWhereas the members of the Nations Armed Forces willingly risk their lives to protect the American way of life and the freedoms guaranteed by the Constitution Now therefore be it Resolved That the House of Representatives expresses its deepest appreciation to the Patriot Guard Riders who 1 attend military funerals across the country to show respect for fallen members of the Armed Forces and when needed shield mourning family members and friends of the deceased from protestors who interrupt or threaten to interrupt the dignity of a funeral and 2 in so doing help to preserve the memory and honor of the Nations fallen heroes Attest Clerk"],"current-status":[{"status":"Passed House","details":{"actionDate":"2006-06-20","displayText":"Passed\/agreed to in House: On motion to suspend the rules and agree to the resolution, as amended Agreed to by the Yeas and Nays: (2\/3 required): 418 - 0, 2 Present (Roll no. 293).(text: CR H4228)","externalActionCode":"8000","description":"Passed House"}}]},"congress-man":{"name":["Rep. Moran, Jerry [R-KS-1]"],"url":"https:\/\/www.congress.gov\/member\/jerry-moran\/M000934?q=%7B%22search%22%3A%5B%22%5C%22hres731%5C%22%22%5D%7D"}}