{"bill":{"name":["H.Res.1100"],"url":"https:\/\/www.congress.gov\/bill\/109th-congress\/house-resolution\/1100?q=%7B%22search%22%3A%5B%22%5C%22hres1100%5C%22%22%5D%7D&resultIndex=1","summary":["Congressional Bills 109th CongressFrom the US Government Printing OfficeH Res 1100 Engrossed in House EHH Res 1100 In the House of Representatives U S December 8 2006 Resolved That upon the adoption of this resolution it shall be in order without intervention of any point of order to consider in the House the bill HR 6406 to modify temporarily certain rates of duty and make other technical amendments to the trade laws to extend certain trade preference programs and for other purposes The bill shall be considered as read The previous question shall be considered as ordered on the bill to final passage without intervening motion except 1 one hour of debate equally divided and controlled by the chairman and ranking minority member of the Committee on Ways and Means and 2 one motion to recommit Sec 2 In the engrossment of the House amendment to the Senate amendment to the bill HR 6111 to amend the Internal Revenue Code of 1986 to provide that the Tax Court may review claims for equitable innocent spouse relief and to suspend the running on the period of limitations while such claims are pending the Clerk shall 1 add the text of HR 6406 as passed by the House as new matter at the end of such engrossment 2 assign appropriate designations to provisions within the engrossment and 3 conform provisions for short titles within the engrossment Attest Clerk"],"current-status":[{"status":"Passed House","details":{"actionDate":"2006-12-08","displayText":"Passed\/agreed to in House: On agreeing to the resolution Agreed to by the Yeas and Nays: 207 - 193 (Roll no. 536).(text: CR H9083)","externalActionCode":"8000","description":"Passed House"}}]},"congress-man":{"name":["Rep. Dreier, David [R-CA-26]"],"url":"https:\/\/www.congress.gov\/member\/david-dreier\/D000492?q=%7B%22search%22%3A%5B%22%5C%22hres1100%5C%22%22%5D%7D"}}