{"bill":{"name":["H.Res.266"],"url":"https:\/\/www.congress.gov\/bill\/109th-congress\/house-resolution\/266?q=%7B%22search%22%3A%5B%22%5C%22hres266%5C%22%22%5D%7D&resultIndex=1","summary":[],"current-status":[{"status":"Passed House","details":{"actionDate":"2005-05-16","displayText":"Passed\/agreed to in House: On motion to suspend the rules and agree to the resolution Agreed to by the Yeas and Nays: (2\/3 required): 391 - 0 (Roll no. 172).(text: CR H3273)","externalActionCode":"8000","description":"Passed House"}}]},"congress-man":{"name":["Rep. Hefley, Joel [R-CO-5]"],"url":"https:\/\/www.congress.gov\/member\/joel-hefley\/H000444?q=%7B%22search%22%3A%5B%22%5C%22hres266%5C%22%22%5D%7D"}}