{"bill":{"name":["H.R.6061"],"url":"https:\/\/www.congress.gov\/bill\/109th-congress\/house-bill\/6061?q=%7B%22search%22%3A%5B%22%5C%22hr6061%5C%22%22%5D%7D&resultIndex=1","summary":[],"current-status":[{"status":"Became Law","details":{"actionDate":"2006-10-26","displayText":"Became Public Law No: 109-367.","externalActionCode":"36000","description":"Became Law"}}]},"congress-man":{"name":["Rep. King, Peter T. [R-NY-3]"],"url":"https:\/\/www.congress.gov\/member\/peter-king\/K000210?q=%7B%22search%22%3A%5B%22%5C%22hr6061%5C%22%22%5D%7D"}}