{"bill":{"name":["S.1786"],"url":"https:\/\/www.congress.gov\/bill\/109th-congress\/senate-bill\/1786?q=%7B%22search%22%3A%5B%22%5C%22s1786%5C%22%22%5D%7D&resultIndex=1","summary":[],"current-status":[{"status":"Became Law","details":{"actionDate":"2005-10-07","displayText":"Became Public Law No: 109-87.","externalActionCode":"36000","description":"Became Law"}}]},"congress-man":{"name":["Sen. Lott, Trent [R-MS]"],"url":"https:\/\/www.congress.gov\/member\/chester-lott\/L000447?q=%7B%22search%22%3A%5B%22%5C%22s1786%5C%22%22%5D%7D"}}