{"bill":{"name":["S.1894"],"url":"https:\/\/www.congress.gov\/bill\/109th-congress\/senate-bill\/1894?q=%7B%22search%22%3A%5B%22%5C%22s1894%5C%22%22%5D%7D&resultIndex=1","summary":[],"current-status":[{"status":"Became Law","details":{"actionDate":"2005-11-22","displayText":"Became Public Law No: 109-113.","externalActionCode":"36000","description":"Became Law"}}]},"congress-man":{"name":["Sen. Inhofe, James M. [R-OK]"],"url":"https:\/\/www.congress.gov\/member\/jim-inhofe\/I000024?q=%7B%22search%22%3A%5B%22%5C%22s1894%5C%22%22%5D%7D"}}