{"bill":{"name":["S.2120"],"url":"https:\/\/www.congress.gov\/bill\/109th-congress\/senate-bill\/2120?q=%7B%22search%22%3A%5B%22%5C%22s2120%5C%22%22%5D%7D&resultIndex=1","summary":[],"current-status":[{"status":"Became Law","details":{"actionDate":"2006-04-11","displayText":"Became Public Law No: 109-215.","externalActionCode":"36000","description":"Became Law"}}]},"congress-man":{"name":["Sen. Kyl, Jon [R-AZ]"],"url":"https:\/\/www.congress.gov\/member\/jon-kyl\/K000352?q=%7B%22search%22%3A%5B%22%5C%22s2120%5C%22%22%5D%7D"}}