{"bill":{"name":["S.2271"],"url":"https:\/\/www.congress.gov\/bill\/109th-congress\/senate-bill\/2271?q=%7B%22search%22%3A%5B%22%5C%22s2271%5C%22%22%5D%7D&resultIndex=1","summary":[],"current-status":[{"status":"Became Law","details":{"actionDate":"2006-03-09","displayText":"Became Public Law No: 109-178.","externalActionCode":"36000","description":"Became Law"}}]},"congress-man":{"name":["Sen. Sununu, John E. [R-NH]"],"url":"https:\/\/www.congress.gov\/member\/john-sununu\/S001078?q=%7B%22search%22%3A%5B%22%5C%22s2271%5C%22%22%5D%7D"}}