{"bill":{"name":["S.256"],"url":"https:\/\/www.congress.gov\/bill\/109th-congress\/senate-bill\/256?q=%7B%22search%22%3A%5B%22%5C%22s256%5C%22%22%5D%7D&resultIndex=1","summary":[],"current-status":[{"status":"Became Law","details":{"actionDate":"2005-04-20","displayText":"Became Public Law No: 109-8.","externalActionCode":"36000","description":"Became Law"}}]},"congress-man":{"name":["Sen. Grassley, Chuck [R-IA]"],"url":"https:\/\/www.congress.gov\/member\/charles-grassley\/G000386?q=%7B%22search%22%3A%5B%22%5C%22s256%5C%22%22%5D%7D"}}