{"bill":{"name":["S.276"],"url":"https:\/\/www.congress.gov\/bill\/109th-congress\/senate-bill\/276?q=%7B%22search%22%3A%5B%22%5C%22s276%5C%22%22%5D%7D&resultIndex=1","summary":[],"current-status":[{"status":"Became Law","details":{"actionDate":"2005-09-21","displayText":"Became Public Law No: 109-71.","externalActionCode":"36000","description":"Became Law"}}]},"congress-man":{"name":["Sen. Johnson, Tim [D-SD]"],"url":"https:\/\/www.congress.gov\/member\/tim-johnson\/J000177?q=%7B%22search%22%3A%5B%22%5C%22s276%5C%22%22%5D%7D"}}