{"bill":{"name":["S.2856"],"url":"https:\/\/www.congress.gov\/bill\/109th-congress\/senate-bill\/2856?q=%7B%22search%22%3A%5B%22%5C%22s2856%5C%22%22%5D%7D&resultIndex=1","summary":[],"current-status":[{"status":"Became Law","details":{"actionDate":"2006-10-13","displayText":"Became Public Law No: 109-351.","externalActionCode":"36000","description":"Became Law"}}]},"congress-man":{"name":["Sen. Crapo, Mike [R-ID]"],"url":"https:\/\/www.congress.gov\/member\/michael-crapo\/C000880?q=%7B%22search%22%3A%5B%22%5C%22s2856%5C%22%22%5D%7D"}}