{"bill":{"name":["S.3546"],"url":"https:\/\/www.congress.gov\/bill\/109th-congress\/senate-bill\/3546?q=%7B%22search%22%3A%5B%22%5C%22s3546%5C%22%22%5D%7D&resultIndex=1","summary":[],"current-status":[{"status":"Became Law","details":{"actionDate":"2006-12-22","displayText":"Became Public Law No: 109-462.","externalActionCode":"36000","description":"Became Law"}}]},"congress-man":{"name":["Sen. Hatch, Orrin G. [R-UT]"],"url":"https:\/\/www.congress.gov\/member\/orrin-hatch\/H000338?q=%7B%22search%22%3A%5B%22%5C%22s3546%5C%22%22%5D%7D"}}