{"bill":{"name":["S.3504"],"url":"https:\/\/www.congress.gov\/bill\/109th-congress\/senate-bill\/3504?q=%7B%22search%22%3A%5B%22%5C%22s3504%5C%22%22%5D%7D&resultIndex=1","summary":[],"current-status":[{"status":"Became Law","details":{"actionDate":"2006-07-19","displayText":"Became Public Law No: 109-242.","externalActionCode":"36000","description":"Became Law"}}]},"congress-man":{"name":["Sen. Santorum, Rick [R-PA]"],"url":"https:\/\/www.congress.gov\/member\/rick-santorum\/S000059?q=%7B%22search%22%3A%5B%22%5C%22s3504%5C%22%22%5D%7D"}}