{"bill":{"name":["S.3718"],"url":"https:\/\/www.congress.gov\/bill\/109th-congress\/senate-bill\/3718?q=%7B%22search%22%3A%5B%22%5C%22s3718%5C%22%22%5D%7D&resultIndex=1","summary":[],"current-status":[{"status":"Failed House","details":{"actionDate":"2006-12-09","displayText":"Failed of passage\/not agreed to in House: On motion to suspend the rules and pass the bill Failed by the Yeas and Nays: (2\/3 required): 191 - 108 (Roll no. 542).(text: CR 12\/8\/2006 H9200-9202)","externalActionCode":"9000","description":"Failed House"}}]},"congress-man":{"name":["Sen. Allen, George [R-VA]"],"url":"https:\/\/www.congress.gov\/member\/george-allen\/A000121?q=%7B%22search%22%3A%5B%22%5C%22s3718%5C%22%22%5D%7D"}}