{"bill":{"name":["S.397"],"url":"https:\/\/www.congress.gov\/bill\/109th-congress\/senate-bill\/397?q=%7B%22search%22%3A%5B%22%5C%22s397%5C%22%22%5D%7D&resultIndex=1","summary":[],"current-status":[{"status":"Became Law","details":{"actionDate":"2005-10-26","displayText":"Became Public Law No: 109-92.","externalActionCode":"36000","description":"Became Law"}}]},"congress-man":{"name":["Sen. Craig, Larry E. [R-ID]"],"url":"https:\/\/www.congress.gov\/member\/larry-craig\/C000858?q=%7B%22search%22%3A%5B%22%5C%22s397%5C%22%22%5D%7D"}}