{"bill":{"name":["S.403"],"url":"https:\/\/www.congress.gov\/bill\/109th-congress\/senate-bill\/403?q=%7B%22search%22%3A%5B%22%5C%22s403%5C%22%22%5D%7D&resultIndex=1","summary":[],"current-status":[{"status":"Resolving Differences","details":{"actionDate":"2006-09-27","displayText":"","externalActionCode":"20000","description":"Resolving Differences"}}]},"congress-man":{"name":["Sen. Ensign, John [R-NV]"],"url":"https:\/\/www.congress.gov\/member\/john-ensign\/E000194?q=%7B%22search%22%3A%5B%22%5C%22s403%5C%22%22%5D%7D"}}