{"bill":{"name":["S.418"],"url":"https:\/\/www.congress.gov\/bill\/109th-congress\/senate-bill\/418?q=%7B%22search%22%3A%5B%22%5C%22s418%5C%22%22%5D%7D&resultIndex=1","summary":[],"current-status":[{"status":"Became Law","details":{"actionDate":"2006-09-29","displayText":"Became Public Law No: 109-290.","externalActionCode":"36000","description":"Became Law"}}]},"congress-man":{"name":["Sen. Enzi, Michael B. [R-WY]"],"url":"https:\/\/www.congress.gov\/member\/michael-enzi\/E000285?q=%7B%22search%22%3A%5B%22%5C%22s418%5C%22%22%5D%7D"}}