{"bill":{"name":["S.45"],"url":"https:\/\/www.congress.gov\/bill\/109th-congress\/senate-bill\/45?q=%7B%22search%22%3A%5B%22%5C%22s45%5C%22%22%5D%7D&resultIndex=1","summary":[],"current-status":[{"status":"Became Law","details":{"actionDate":"2005-08-02","displayText":"Became Public Law No: 109-56.","externalActionCode":"36000","description":"Became Law"}}]},"congress-man":{"name":["Sen. Levin, Carl [D-MI]"],"url":"https:\/\/www.congress.gov\/member\/carl-levin\/L000261?q=%7B%22search%22%3A%5B%22%5C%22s45%5C%22%22%5D%7D"}}