{"bill":{"name":["S.J.Res.28"],"url":"https:\/\/www.congress.gov\/bill\/109th-congress\/senate-joint-resolution\/28?q=%7B%22search%22%3A%5B%22%5C%22sjres28%5C%22%22%5D%7D&resultIndex=1","summary":[],"current-status":[{"status":"Became Law","details":{"actionDate":"2006-05-05","displayText":"Became Public Law No: 109-220.","externalActionCode":"36000","description":"Became Law"}}]},"congress-man":{"name":["Sen. Stevens, Ted [R-AK]"],"url":"https:\/\/www.congress.gov\/member\/theodore-stevens\/S000888?q=%7B%22search%22%3A%5B%22%5C%22sjres28%5C%22%22%5D%7D"}}