{"bill":{"name":["S.J.Res.19"],"url":"https:\/\/www.congress.gov\/bill\/109th-congress\/senate-joint-resolution\/19?q=%7B%22search%22%3A%5B%22%5C%22sjres19%5C%22%22%5D%7D&resultIndex=1","summary":[],"current-status":[{"status":"Passed House","details":{"actionDate":"2005-09-06","displayText":"Passed\/agreed to in House: On motion to suspend the rules and pass the resolution, as amended Agreed to by the Yeas and Nays: (2\/3 required): 393 - 1 (Roll no. 455).(text: CR H7655)","externalActionCode":"8000","description":"Passed House"}}]},"congress-man":{"name":["Sen. Brownback, Sam [R-KS]"],"url":"https:\/\/www.congress.gov\/member\/sam-brownback\/B000953?q=%7B%22search%22%3A%5B%22%5C%22sjres19%5C%22%22%5D%7D"}}