{"bill":{"name":["S.23"],"url":"https:\/\/www.congress.gov\/bill\/109th-congress\/senate-bill\/23?q=%7B%22search%22%3A%5B%22%5C%22s23%5C%22%22%5D%7D&resultIndex=1","summary":[],"current-status":[{"status":"Introduced","details":{"actionDate":"2006-05-03","displayText":"Introduced in Senate","externalActionCode":"10000","description":"Introduced"}}]},"congress-man":{"name":["Sen. Santorum, Rick [R-PA]"],"url":"https:\/\/www.congress.gov\/member\/rick-santorum\/S000059?q=%7B%22search%22%3A%5B%22%5C%22s23%5C%22%22%5D%7D"}}