{"bill":{"name":["S.Con.Res.18"],"url":"https:\/\/www.congress.gov\/bill\/109th-congress\/senate-concurrent-resolution\/18?q=%7B%22search%22%3A%5B%22%5C%22sconres18%5C%22%22%5D%7D&resultIndex=1","summary":[],"current-status":[{"status":"Passed Senate","details":{"actionDate":"2005-03-17","displayText":"Passed\/agreed to in Senate: Resolution agreed to in Senate with amendments by Yea-Nay Vote. 51 - 49. Record Vote Number: 81.","externalActionCode":"17000","description":"Passed Senate"}}]},"congress-man":{"name":["Sen. Gregg, Judd [R-NH]"],"url":"https:\/\/www.congress.gov\/member\/judd-gregg\/G000445?q=%7B%22search%22%3A%5B%22%5C%22sconres18%5C%22%22%5D%7D"}}