{"bill":{"name":["S.J.Res.4"],"url":"https:\/\/www.congress.gov\/bill\/109th-congress\/senate-joint-resolution\/4?q=%7B%22search%22%3A%5B%22%5C%22sjres4%5C%22%22%5D%7D&resultIndex=1","summary":[],"current-status":[{"status":"Passed Senate","details":{"actionDate":"2005-03-03","displayText":"Passed\/agreed to in Senate: Passed Senate without amendment by Yea-Nay Vote. 52 - 46. Record Vote Number: 19.(text: CR S1979)","externalActionCode":"17000","description":"Passed Senate"}}]},"congress-man":{"name":["Sen. Conrad, Kent [D-ND]"],"url":"https:\/\/www.congress.gov\/member\/kent-conrad\/C000705?q=%7B%22search%22%3A%5B%22%5C%22sjres4%5C%22%22%5D%7D"}}