{"bill":{"name":["S.Res.233"],"url":"https:\/\/www.congress.gov\/bill\/109th-congress\/senate-resolution\/233?q=%7B%22search%22%3A%5B%22%5C%22sres233%5C%22%22%5D%7D&resultIndex=1","summary":[],"current-status":[{"status":"Passed Senate","details":{"actionDate":"2005-09-06","displayText":"Passed\/agreed to in Senate: Submitted in the Senate, considered, and agreed to without amendment and with a preamble by Yea-Nay Vote. 94 - 0. Record Vote Number: 221.(consideration: CR S9630-9631; text as passed Senate: CR S9631; text of measure as introduced: CR S9691)","externalActionCode":"17000","description":"Passed Senate"}}]},"congress-man":{"name":["Sen. Frist, William H. [R-TN]"],"url":"https:\/\/www.congress.gov\/member\/william-frist\/F000439?q=%7B%22search%22%3A%5B%22%5C%22sres233%5C%22%22%5D%7D"}}