{"bill":{"name":["H.Con.Res.189"],"url":"https:\/\/www.congress.gov\/bill\/109th-congress\/house-concurrent-resolution\/189?q=%7B%22search%22%3A%5B%22Treaty+Doc+1086%22%5D%7D&resultIndex=1","summary":[],"current-status":[{"status":"Introduced","details":{"actionDate":"2005-06-23","displayText":"Introduced in House","externalActionCode":"1000","description":"Introduced"}}]},"congress-man":{"name":["Rep. Blumenauer, Earl [D-OR-3]"],"url":"https:\/\/www.congress.gov\/member\/earl-blumenauer\/B000574?q=%7B%22search%22%3A%5B%22Treaty+Doc+1086%22%5D%7D"}}