{"bill":{"name":["H.Con.Res.42"],"url":"https:\/\/www.congress.gov\/bill\/110th-congress\/house-concurrent-resolution\/42?q=%7B%22search%22%3A%5B%22%5C%22hconres42%5C%22%22%5D%7D&resultIndex=1","summary":["Congressional Bills 110th CongressFrom the US Government Printing OfficeH Con Res 42 Referred in Senate RFS110th CONGRESS 1st SessionH CON RES 42 IN THE SENATE OF THE UNITED STATES March 21 2007 Received and referred to the Committee on Armed Services CONCURRENT RESOLUTION Honoring the heroic service and sacrifice of the glider pilots of the United States Army Air Forces during World War IIWhereas the use of gliders during World War II provided an innovative method of transporting troops and equipment behind enemy linesWhereas the United States Army Air Forces began training glider pilots in 1942 eventually training thousands of menWhereas glider pilots exhibited exceptional valor by landing behind enemy lines in unarmed glidersWhereas glider pilots participated in 8 successful missionsWhereas in Operation Husky which took place in Sicily on July 9 1943 glider pilots carried British airborne troops completing their mission despite heavy casualties resulting from landings at seaWhereas in Operation Broadway which took place in Burma on March 5 1944 glider pilots took the Japanese completely by surprise carried troops airborne engineers and equipment by night seized and prepared landing strips for forthcoming transport planes and evacuated the wounded accomplishing in 2 hours what would have taken 2 months by ambulanceWhereas in Operation Overlord on June 6 1944 glider pilots took part in the Battle of Normandy the largest combined airborne and seaborne invasion in history carrying troopers of the 82nd and 101st Airborne Divisions and their equipment to landing areas behind enemy linesWhereas in Operation Dragoon which took place in the coastal area of southern France on August 15 1944 glider pilots delivered troops and cargo despite wooden poles erected in open fields to impede their landingWhereas in Operation MarketGarden the largest glider operation of World War II which took place in Holland on September 17 1944 glider pilots carried their usual cargo of troops and heavy equipment thereby providing cover for an attempt to clear a road to BerlinWhereas in Operation Repulse which took place in Bastogne on December 27 1944 as part of the Battle of the Bulge glider pilots although flying directly through enemy fire were able to land every glider delivering the badly needed ammunition gasoline and medical supplies that enabled defenders against the German offensive to persevere and secure the ultimate victoryWhereas in Operation Varsity which took place at the Rhine crossing in Wesel Germany on March 24 1945 more than 1300 glider pilots took part in their final European mission delivering a fatal blow to Axis forcesWhereas in Operation Gypsy Task ForceAppari Mission which took place in the Philippine island of Luzon on June 23 1945 glider pilots took part in their final and only Pacific mission carrying members of the 11th Airborne Division andWhereas many glider pilots sacrificed their lives during the course of these missions Now therefore be it Resolved by the House of Representatives the Senate concurring That Congress 1 honors the heroic service and sacrifice of the glider pilots of the United States Army Air Forces during World War II and 2 urges the people of the United States to remember and teach future generations about the contributions and sacrifices that glider pilots and all veterans have made to and for the United States Passed the House of Representatives March 20 2007 Attest LORRAINE C MILLER Clerk "],"current-status":[{"status":"Passed House","details":{"actionDate":"2007-03-20","displayText":"Passed\/agreed to in House: On motion to suspend the rules and agree to the resolution, as amended Agreed to by the Yeas and Nays: (2\/3 required): 421 - 0 (Roll no. 161).(text: CR H2677)","externalActionCode":"8000","description":"Passed House"}}]},"congress-man":{"name":["Rep. McCarthy, Carolyn [D-NY-4]"],"url":"https:\/\/www.congress.gov\/member\/carolyn-mccarthy\/M000309?q=%7B%22search%22%3A%5B%22%5C%22hconres42%5C%22%22%5D%7D"}}