{"bill":{"name":["H.Con.Res.44"],"url":"https:\/\/www.congress.gov\/bill\/110th-congress\/house-concurrent-resolution\/44?q=%7B%22search%22%3A%5B%22%5C%22hconres44%5C%22%22%5D%7D&resultIndex=1","summary":["Congressional Bills 110th CongressFrom the US Government Publishing OfficeH Con Res 44 Enrolled Bill ENR HConRes44 Agreed to March 23 2007 One Hundred Tenth Congress of the United States of America Begun and held at the City of Washington on Thursday the fourth day of January two thousand and seven Concurrent ResolutionWhereas the National Association for the Advancement of Colored People NAACP originally known as the National Negro Committee was founded in New York City on February 12 1909 the centennial of Abraham Lincolns birth by a multiracial group of activists who answered The Call for a national conference to discuss the civil and political rights of African AmericansWhereas the National Association for the Advancement of Colored People was founded by a distinguished group of leaders in the struggle for civil and political liberty including Ida WellsBarnett WEB DuBois Henry Moscowitz Mary White Ovington Oswald Garrison Villiard and William English WallingWhereas the NAACP is the oldest and largest civil rights organization in the United StatesWhereas the mission of the NAACP is to ensure the political educational social and economic equality of rights of all persons and to eliminate racial hatred and racial discriminationWhereas the NAACP is committed to achieving its goals through nonviolenceWhereas the NAACP advances its mission through reliance upon the press the petition the ballot and the courts and has been persistent in the use of legal and moral persuasion even in the face of overt and violent racial hostilityWhereas the NAACP has used political pressure marches demonstrations and effective lobbying to serve as the voice as well as the shield for minority AmericansWhereas after years of fighting segregation in public schools the NAACP under the leadership of Special Counsel Thurgood Marshall won one of its greatest legal victories in the Supreme Courts 1954 decision in Brown v Board of EducationWhereas in 1955 NAACP member Rosa Parks was arrested and fined for refusing to give up her seat on a segregated bus in Montgomery Alabamaan act of courage that would serve as the catalyst for the largest grassroots civil rights movement in the history of the United StatesWhereas the NAACP was prominent in lobbying for the passage of the Civil Rights Acts of 1957 1960 and 1964 the Voting Rights Act of 1965 the Fannie Lou Hamer Rosa Parks and Coretta Scott King Voting Rights Act Reauthorization and Amendments Act of 2006 and the Fair Housing Act laws which ensured Government protection for legal victories achieved andWhereas in 2005 the National Association for the Advancement of Colored People launched the Disaster Relief Fund to help survivors in Louisiana Mississippi Texas Florida and Alabama to rebuild their lives Now therefore be it Resolved by the House of Representatives the Senate concurring That the Congress 1 recognizes the 98th anniversary of the historic founding of the National Association for the Advancement of Colored People and 2 honors and praises the National Association for the Advancement of Colored People on the occasion of its anniversary for its work to ensure the political educational social and economic equality of all personsAttest Clerk of the House of RepresentativesAttest Secretary of the Senate"],"current-status":[{"status":"Passed Senate","details":{"actionDate":"2007-03-23","displayText":"Passed\/agreed to in Senate: Resolution agreed to in Senate without amendment and with a preamble by Unanimous Consent.(consideration: CR S3724)","externalActionCode":"17000","description":"Passed Senate"}}]},"congress-man":{"name":["Rep. Green, Al [D-TX-9]"],"url":"https:\/\/www.congress.gov\/member\/al-green\/G000553?q=%7B%22search%22%3A%5B%22%5C%22hconres44%5C%22%22%5D%7D"}}