{"bill":{"name":["H.Con.Res.162"],"url":"https:\/\/www.congress.gov\/bill\/110th-congress\/house-concurrent-resolution\/162?q=%7B%22search%22%3A%5B%22%5C%22hconres162%5C%22%22%5D%7D&resultIndex=1","summary":[],"current-status":[{"status":"Passed House","details":{"actionDate":"2007-11-06","displayText":"Passed\/agreed to in House: On motion to suspend the rules and agree to the resolution, as amended Agreed to by the Yeas and Nays: (2\/3 required): 409 - 0 (Roll no. 1041).(text: CR H12750-12751)","externalActionCode":"8000","description":"Passed House"}}]},"congress-man":{"name":["Rep. Murphy, Patrick J. [D-PA-8]"],"url":"https:\/\/www.congress.gov\/member\/patrick-murphy\/M001168?q=%7B%22search%22%3A%5B%22%5C%22hconres162%5C%22%22%5D%7D"}}