{"bill":{"name":["H.Con.Res.147"],"url":"https:\/\/www.congress.gov\/bill\/110th-congress\/house-concurrent-resolution\/147?q=%7B%22search%22%3A%5B%22%5C%22hconres147%5C%22%22%5D%7D&resultIndex=1","summary":[],"current-status":[{"status":"Passed House","details":{"actionDate":"2007-12-05","displayText":"Passed\/agreed to in House: On motion to suspend the rules and agree to the resolution Agreed to by the Yeas and Nays: (2\/3 required): 414 - 0 (Roll no. 1129).(text: CR 12\/4\/2007 H14089-14090)","externalActionCode":"8000","description":"Passed House"}}]},"congress-man":{"name":["Rep. Brown, Henry E., Jr. [R-SC-1]"],"url":"https:\/\/www.congress.gov\/member\/henry-brown\/B001235?q=%7B%22search%22%3A%5B%22%5C%22hconres147%5C%22%22%5D%7D"}}