{"bill":{"name":["H.Con.Res.112"],"url":"https:\/\/www.congress.gov\/bill\/110th-congress\/house-concurrent-resolution\/112?q=%7B%22search%22%3A%5B%22%5C%22hconres112%5C%22%22%5D%7D&resultIndex=1","summary":["Congressional Bills 110th CongressFrom the US Government Publishing OfficeH Con Res 112 Enrolled Bill ENR HConRes112 Agreed to May 2 2008 One Hundred Tenth Congress of the United States of America AT THE SECOND SESSION Begun and held at the City of Washington on Thursday the third day of January two thousand and eight Concurrent ResolutionWhereas approximately 63 percent of the Nations children under 5 are in nonparental care during part or all of the day while their parents workWhereas the early care and education industry employs more than 2300000 workersWhereas the average salary of early care and education workers is 18180 per year and only 13 have health insurance and even fewer have a pension planWhereas the quality of early care and education programs is directly linked to the quality of early childhood educatorsWhereas the turnover rate of early childhood program staff is roughly 30 percent per year and low wages and lack of benefits among other factors make it difficult to retain high quality educators who have the consistent caring relationships with young children that are important to childrens developmentWhereas the compensation of early childhood program staff should be commensurate with the importance of the job of helping the young children of the Nation develop their social emotional physical and cognitive skills and to help them be ready for schoolWhereas providing adequate compensation to early childhood program staff should be a priority and resources may be allocated to improve the compensation of early childhood educators to ensure that quality care and education are accessible for all familiesWhereas additional training and education for the early care and education workforce is critical to ensuring highquality early learning environmentsWhereas child care workers should receive compensation commensurate with such training and experience andWhereas the Center for the Child Care Workforce a project of the American Federation of Teachers Educational Foundation with support by the National Association for the Education of Young Children and other early childhood organizations recognizes May 1 as National Child Care Worthy Wage Day Now therefore be it Resolved by the House of Representatives the Senate concurring That the Congress supports the goals and ideas of National Child Care Worthy Wage Day and urges public officials and the general public to honor early childhood care and education staff and programs in their communities and to work together to resolve the early childhood care and education staff compensation crisisAttest Clerk of the House of RepresentativesAttest Secretary of the Senate"],"current-status":[{"status":"Passed Senate","details":{"actionDate":"2008-05-01","displayText":"Passed\/agreed to in Senate: Resolution agreed to in Senate without amendment and with a preamble by Unanimous Consent.","externalActionCode":"17000","description":"Passed Senate"}}]},"congress-man":{"name":["Rep. McCarthy, Carolyn [D-NY-4]"],"url":"https:\/\/www.congress.gov\/member\/carolyn-mccarthy\/M000309?q=%7B%22search%22%3A%5B%22%5C%22hconres112%5C%22%22%5D%7D"}}