{"bill":{"name":["H.Con.Res.34"],"url":"https:\/\/www.congress.gov\/bill\/110th-congress\/house-concurrent-resolution\/34?q=%7B%22search%22%3A%5B%22%5C%22hconres34%5C%22%22%5D%7D&resultIndex=1","summary":["Congressional Bills 110th CongressFrom the US Government Publishing OfficeH Con Res 34 Enrolled Bill ENR HConRes34 Agreed to February 5 2007 One Hundred Tenth Congress of the United States of America Begun and held at the City of Washington on Thursday the fourth day of January two thousand and seven Concurrent ResolutionWhereas Percy Julian was born on April 11 1899 in Montgomery Alabama the son of a railway clerk and the first member of his family to attend college graduating from DePauw University in 1920 receiving a MS degree from Harvard University in 1923 and a PhD from the University of Vienna in 1931Whereas in 1935 Dr Julian became the first to discover a process to synthesize physostigmine the drug used in the treatment of glaucomaWhereas Dr Julian later pioneered a commercial process to synthesize cortisone from soy beans and yams enabling the widespread use of cortisone as an affordable treatment of arthritisWhereas Dr Julian was the first African American chemist elected to the National Academy of Sciences in 1973 for his lifetime of scientific accomplishments held over 130 patents at the time of his death in 1975 and dedicated much of his life to the advancement of African Americans in the sciences andWhereas Dr Julians life story has been documented in the PBS NOVA film Forgotten Genius Now therefore be it Resolved by the House of Representatives the Senate concurring That the Congress honors the life of Percy Lavon Julian a pioneer in the field of organic chemistry research and development and the first and only African American chemist to be inducted into the National Academy of SciencesAttest Clerk of the House of RepresentativesAttest Secretary of the Senate"],"current-status":[{"status":"Passed Senate","details":{"actionDate":"2007-02-01","displayText":"Passed\/agreed to in Senate: Resolution agreed to in Senate without amendment and with a preamble by Unanimous Consent.(consideration: CR S1542)","externalActionCode":"17000","description":"Passed Senate"}}]},"congress-man":{"name":["Rep. Johnson, Eddie Bernice [D-TX-30]"],"url":"https:\/\/www.congress.gov\/member\/eddie-johnson\/J000126?q=%7B%22search%22%3A%5B%22%5C%22hconres34%5C%22%22%5D%7D"}}