{"bill":{"name":["H.R.49"],"url":"https:\/\/www.congress.gov\/bill\/110th-congress\/house-bill\/49?q=%7B%22search%22%3A%5B%22%5C%22hr49%5C%22%22%5D%7D&resultIndex=1","summary":[],"current-status":[{"status":"Became Law","details":{"actionDate":"2007-03-07","displayText":"Became Public Law No: 110-7.","externalActionCode":"36000","description":"Became Law"}}]},"congress-man":{"name":["Rep. Udall, Mark [D-CO-2]"],"url":"https:\/\/www.congress.gov\/member\/mark-udall\/U000038?q=%7B%22search%22%3A%5B%22%5C%22hr49%5C%22%22%5D%7D"}}