{"bill":{"name":["H.R.2206"],"url":"https:\/\/www.congress.gov\/bill\/110th-congress\/house-bill\/2206?q=%7B%22search%22%3A%5B%22%5C%22hr2206%5C%22%22%5D%7D&resultIndex=1","summary":[],"current-status":[{"status":"Became Law","details":{"actionDate":"2007-05-25","displayText":"Became Public Law No: 110-28.","externalActionCode":"36000","description":"Became Law"}}]},"congress-man":{"name":["Rep. Obey, David R. [D-WI-7]"],"url":"https:\/\/www.congress.gov\/member\/david-obey\/O000007?q=%7B%22search%22%3A%5B%22%5C%22hr2206%5C%22%22%5D%7D"}}