{"bill":{"name":["H.R.3678"],"url":"https:\/\/www.congress.gov\/bill\/110th-congress\/house-bill\/3678?q=%7B%22search%22%3A%5B%22%5C%22hr3678%5C%22%22%5D%7D&resultIndex=1","summary":[],"current-status":[{"status":"Became Law","details":{"actionDate":"2007-10-31","displayText":"Became Public Law No: 110-108.","externalActionCode":"36000","description":"Became Law"}}]},"congress-man":{"name":["Rep. Conyers, John, Jr. [D-MI-14]"],"url":"https:\/\/www.congress.gov\/member\/john-conyers\/C000714?q=%7B%22search%22%3A%5B%22%5C%22hr3678%5C%22%22%5D%7D"}}