{"bill":{"name":["H.R.2771"],"url":"https:\/\/www.congress.gov\/bill\/110th-congress\/house-bill\/2771?q=%7B%22search%22%3A%5B%22%5C%22hr2771%5C%22%22%5D%7D&resultIndex=1","summary":[],"current-status":[{"status":"Passed House","details":{"actionDate":"2007-06-22","displayText":"Passed\/agreed to in House: On passage Passed by the Yeas and Nays: 216 - 176 (Roll no. 548).","externalActionCode":"8000","description":"Passed House"}}]},"congress-man":{"name":["Rep. Wasserman Schultz, Debbie [D-FL-20]"],"url":"https:\/\/www.congress.gov\/member\/debbie-wasserman-schultz\/W000797?q=%7B%22search%22%3A%5B%22%5C%22hr2771%5C%22%22%5D%7D"}}