{"bill":{"name":["H.R.3685"],"url":"https:\/\/www.congress.gov\/bill\/110th-congress\/house-bill\/3685?q=%7B%22search%22%3A%5B%22%5C%22hr3685%5C%22%22%5D%7D&resultIndex=1","summary":[],"current-status":[{"status":"Passed House","details":{"actionDate":"2007-11-07","displayText":"Passed\/agreed to in House: On passage Passed by the Yeas and Nays: 235 - 184 (Roll no. 1057).","externalActionCode":"8000","description":"Passed House"}}]},"congress-man":{"name":["Rep. Frank, Barney [D-MA-4]"],"url":"https:\/\/www.congress.gov\/member\/barney-frank\/F000339?q=%7B%22search%22%3A%5B%22%5C%22hr3685%5C%22%22%5D%7D"}}