{"bill":{"name":["H.R.3320"],"url":"https:\/\/www.congress.gov\/bill\/110th-congress\/house-bill\/3320?q=%7B%22search%22%3A%5B%22%5C%22hr3320%5C%22%22%5D%7D&resultIndex=1","summary":[],"current-status":[{"status":"Passed House","details":{"actionDate":"2007-11-14","displayText":"Passed\/agreed to in House: On motion to suspend the rules and pass the bill Agreed to by the Yeas and Nays: (2\/3 required): 407 - 13 (Roll no. 1088).(text: CR 11\/13\/2007 H13540)","externalActionCode":"8000","description":"Passed House"}}]},"congress-man":{"name":["Rep. Smith, Christopher H. [R-NJ-4]"],"url":"https:\/\/www.congress.gov\/member\/christopher-smith\/S000522?q=%7B%22search%22%3A%5B%22%5C%22hr3320%5C%22%22%5D%7D"}}