{"bill":{"name":["H.R.923"],"url":"https:\/\/www.congress.gov\/bill\/110th-congress\/house-bill\/923?q=%7B%22search%22%3A%5B%22%5C%22hr923%5C%22%22%5D%7D&resultIndex=1","summary":[],"current-status":[{"status":"Became Law","details":{"actionDate":"2008-10-07","displayText":"Became Public Law No: 110-344.","externalActionCode":"36000","description":"Became Law"}}]},"congress-man":{"name":["Rep. Lewis, John [D-GA-5]"],"url":"https:\/\/www.congress.gov\/member\/john-lewis\/L000287?q=%7B%22search%22%3A%5B%22%5C%22hr923%5C%22%22%5D%7D"}}