{"bill":{"name":["H.R.1434"],"url":"https:\/\/www.congress.gov\/bill\/110th-congress\/house-bill\/1434?q=%7B%22search%22%3A%5B%22%5C%22hr1434%5C%22%22%5D%7D&resultIndex=1","summary":[],"current-status":[{"status":"Became Law","details":{"actionDate":"2007-08-09","displayText":"Became Public Law No: 110-62.","externalActionCode":"36000","description":"Became Law"}}]},"congress-man":{"name":["Rep. Altmire, Jason [D-PA-4]"],"url":"https:\/\/www.congress.gov\/member\/jason-altmire\/A000362?q=%7B%22search%22%3A%5B%22%5C%22hr1434%5C%22%22%5D%7D"}}