{"bill":{"name":["H.R.2089"],"url":"https:\/\/www.congress.gov\/bill\/110th-congress\/house-bill\/2089?q=%7B%22search%22%3A%5B%22%5C%22hr2089%5C%22%22%5D%7D&resultIndex=1","summary":[],"current-status":[{"status":"Became Law","details":{"actionDate":"2007-11-30","displayText":"Became Public Law No: 110-121.","externalActionCode":"36000","description":"Became Law"}}]},"congress-man":{"name":["Rep. Jefferson, William J. [D-LA-2]"],"url":"https:\/\/www.congress.gov\/member\/william-jefferson\/J000070?q=%7B%22search%22%3A%5B%22%5C%22hr2089%5C%22%22%5D%7D"}}