{"bill":{"name":["H.R.434"],"url":"https:\/\/www.congress.gov\/bill\/110th-congress\/house-bill\/434?q=%7B%22search%22%3A%5B%22%5C%22hr434%5C%22%22%5D%7D&resultIndex=1","summary":[],"current-status":[{"status":"Became Law","details":{"actionDate":"2007-02-15","displayText":"Became Public Law No: 110-4.","externalActionCode":"36000","description":"Became Law"}}]},"congress-man":{"name":["Rep. Chabot, Steve [R-OH-1]"],"url":"https:\/\/www.congress.gov\/member\/steve-chabot\/C000266?q=%7B%22search%22%3A%5B%22%5C%22hr434%5C%22%22%5D%7D"}}