{"bill":{"name":["H.R.437"],"url":"https:\/\/www.congress.gov\/bill\/110th-congress\/house-bill\/437?q=%7B%22search%22%3A%5B%22%5C%22hr437%5C%22%22%5D%7D&resultIndex=1","summary":[],"current-status":[{"status":"Became Law","details":{"actionDate":"2007-06-01","displayText":"Became Public Law No: 110-30.","externalActionCode":"36000","description":"Became Law"}}]},"congress-man":{"name":["Rep. Cuellar, Henry [D-TX-28]"],"url":"https:\/\/www.congress.gov\/member\/henry-cuellar\/C001063?q=%7B%22search%22%3A%5B%22%5C%22hr437%5C%22%22%5D%7D"}}