{"bill":{"name":["H.R.1025"],"url":"https:\/\/www.congress.gov\/bill\/110th-congress\/house-bill\/1025?q=%7B%22search%22%3A%5B%22%5C%22hr1025%5C%22%22%5D%7D&resultIndex=1","summary":[],"current-status":[{"status":"Passed House","details":{"actionDate":"2007-05-07","displayText":"Passed\/agreed to in House: On motion to suspend the rules and pass the bill Agreed to by the Yeas and Nays: (2\/3 required): 370 - 1 (Roll no. 303).(text: CR H4506-4507)","externalActionCode":"8000","description":"Passed House"}}]},"congress-man":{"name":["Rep. Moran, Jerry [R-KS-1]"],"url":"https:\/\/www.congress.gov\/member\/jerry-moran\/M000934?q=%7B%22search%22%3A%5B%22%5C%22hr1025%5C%22%22%5D%7D"}}