{"bill":{"name":["H.R.475"],"url":"https:\/\/www.congress.gov\/bill\/110th-congress\/house-bill\/475?q=%7B%22search%22%3A%5B%22%5C%22hr475%5C%22%22%5D%7D&resultIndex=1","summary":[],"current-status":[{"status":"Became Law","details":{"actionDate":"2007-02-02","displayText":"Became Public Law No: 110-2.","externalActionCode":"36000","description":"Became Law"}}]},"congress-man":{"name":["Rep. Kildee, Dale E. [D-MI-5]"],"url":"https:\/\/www.congress.gov\/member\/dale-kildee\/K000172?q=%7B%22search%22%3A%5B%22%5C%22hr475%5C%22%22%5D%7D"}}