{"bill":{"name":["H.R.4286"],"url":"https:\/\/www.congress.gov\/bill\/110th-congress\/house-bill\/4286?q=%7B%22search%22%3A%5B%22%5C%22hr4286%5C%22%22%5D%7D&resultIndex=1","summary":[],"current-status":[{"status":"Became Law","details":{"actionDate":"2008-05-06","displayText":"Became Public Law No: 110-209.","externalActionCode":"36000","description":"Became Law"}}]},"congress-man":{"name":["Rep. Crowley, Joseph [D-NY-7]"],"url":"https:\/\/www.congress.gov\/member\/joseph-crowley\/C001038?q=%7B%22search%22%3A%5B%22%5C%22hr4286%5C%22%22%5D%7D"}}