{"bill":{"name":["H.R.3998"],"url":"https:\/\/www.congress.gov\/bill\/110th-congress\/house-bill\/3998?q=%7B%22search%22%3A%5B%22%5C%22hr3998%5C%22%22%5D%7D&resultIndex=1","summary":[],"current-status":[{"status":"Passed House","details":{"actionDate":"2007-12-04","displayText":"Passed\/agreed to in House: On motion to suspend the rules and pass the bill, as amended Agreed to by the Yeas and Nays: (2\/3 required): 326 - 79 (Roll no. 1123).(text: CR H14091-14092)","externalActionCode":"8000","description":"Passed House"}}]},"congress-man":{"name":["Rep. Grijalva, Raul M. [D-AZ-7]"],"url":"https:\/\/www.congress.gov\/member\/raul-grijalva\/G000551?q=%7B%22search%22%3A%5B%22%5C%22hr3998%5C%22%22%5D%7D"}}