{"bill":{"name":["H.R.236"],"url":"https:\/\/www.congress.gov\/bill\/110th-congress\/house-bill\/236?q=%7B%22search%22%3A%5B%22%5C%22hr236%5C%22%22%5D%7D&resultIndex=1","summary":["Congressional Bills 110th CongressFrom the US Government Printing OfficeHR 236 Reported in Senate RS Calendar No 1010110th CONGRESS 2d Session H R 236 IN THE SENATE OF THE UNITED STATES December 6 2007 Received read twice and referred to the Committee on Energy and Natural Resources September 16 2008 Reported by Mr Bingaman without amendment AN ACT To authorize the Secretary of the Interior to create a Bureau of Reclamation partnership with the North Bay Water Reuse Authority and other regional partners to achieve objectives relating to water supply water quality and environmental restoration Be it enacted by the Senate and House of Representatives of the United States of America in Congress assembledSECTION 1 SHORT TITLE This Act may be cited as the North Bay Water Reuse Program Act of 2007SEC 2 PROJECT AUTHORIZATION a In GeneralThe Reclamation Wastewater and Groundwater Study and Facilities Act Public Law 102575 title XVI 43 USC 390h et seq is amended by adding at the end the followingSEC 16 NORTH BAY WATER REUSE PROGRAM a DefinitionsIn this section 1 Eligible entityThe term eligible entity means a member agency of the North Bay Water Reuse Authority of the State located in the North San Pablo Bay watershed in A Marin County B Napa County C Solano County or D Sonoma County 2 Water reclamation and reuse projectThe term water reclamation and reuse project means a project carried out by the Secretary and an eligible entity in the North San Pablo Bay watershed relating to A water quality improvement B wastewater treatment C water reclamation and reuse D groundwater recharge and protection E surface water augmentation or F other related improvements 3 StateThe term State means the State of California b North Bay Water Reuse Program 1 In generalContingent upon a finding of feasibility the Secretary acting through a cooperative agreement with the State or a subdivision of the State is authorized to enter into cooperative agreements with eligible entities for the planning design and construction of water reclamation and reuse facilities and recycled water conveyance and distribution systems 2 Coordination with other federal agenciesIn carrying out this section the Secretary and the eligible entity shall to the maximum extent practicable use the design work and environmental evaluations initiated by A nonFederal entities and B the Corps of Engineers in the San Pablo Bay Watershed of the State 3 Phased projectA cooperative agreement described in paragraph 1 shall require that the North Bay Water Reuse Program carried out under this section shall consist of 2 phases as follows A First phaseDuring the first phase the Secretary and an eligible entity shall complete the planning design and construction of the main treatment and main conveyance systems B Second phaseDuring the second phase the Secretary and an eligible entity shall complete the planning design and construction of the subregional distribution systems 4 Cost sharing A Federal shareThe Federal share of the cost of the first phase of the project authorized by this section shall not exceed 25 percent of the total cost of the first phase of the project B Form of nonfederal shareThe nonFederal share may be in the form of any inkind services that the Secretary determines would contribute substantially toward the completion of the water reclamation and reuse project including i reasonable costs incurred by the eligible entity relating to the planning design and construction of the water reclamation and reuse project and ii the acquisition costs of land acquired for the project that is I used for planning design and construction of the water reclamation and reuse project facilities and II owned by an eligible entity and directly related to the project C LimitationThe Secretary shall not provide funds for the operation and maintenance of the project authorized by this section 5 EffectNothing in this section A affects or preempts i State water law or ii an interstate compact relating to the allocation of water or B confers on any nonFederal entity the ability to exercise any Federal right to i the water of a stream or ii any groundwater resource 6 Authorization of appropriationsThere is authorized to be appropriated for the Federal share of the total cost of the first phase of the project authorized by this section 25000000 to remain available until expended b Conforming AmendmentThe table of sections in section 2 of Public Law 102575 is amended by inserting after the last item relating to title XVI the following Sec 16 North Bay water reuse program Calendar No 1010110th CONGRESS 2d Session H R 236 AN ACT To authorize the Secretary of the Interior to create a Bureau of Reclamation partnership with the North Bay Water Reuse Authority and other regional partners to achieve objectives relating to water supply water quality and environmental restoration September 16 2008 Reported without amendment"],"current-status":[{"status":"Passed House","details":{"actionDate":"2007-12-05","displayText":"Passed\/agreed to in House: On motion to suspend the rules and pass the bill, as amended Agreed to by the Yeas and Nays: (2\/3 required): 358 - 55 (Roll no. 1130).(text: CR 12\/4\/2007 H14095-14096)","externalActionCode":"8000","description":"Passed House"}}]},"congress-man":{"name":["Rep. Thompson, Mike [D-CA-1]"],"url":"https:\/\/www.congress.gov\/member\/mike-thompson\/T000460?q=%7B%22search%22%3A%5B%22%5C%22hr236%5C%22%22%5D%7D"}}