{"bill":{"name":["H.R.3495"],"url":"https:\/\/www.congress.gov\/bill\/110th-congress\/house-bill\/3495?q=%7B%22search%22%3A%5B%22%5C%22hr3495%5C%22%22%5D%7D&resultIndex=1","summary":[],"current-status":[{"status":"Passed House","details":{"actionDate":"2007-11-06","displayText":"Passed\/agreed to in House: On motion to suspend the rules and pass the bill, as amended Agreed to by the Yeas and Nays: (2\/3 required): 402 - 8 (Roll no. 1043).(text: CR H12778-12779)","externalActionCode":"8000","description":"Passed House"}}]},"congress-man":{"name":["Rep. Brown, Corrine [D-FL-3]"],"url":"https:\/\/www.congress.gov\/member\/corrine-brown\/B000911?q=%7B%22search%22%3A%5B%22%5C%22hr3495%5C%22%22%5D%7D"}}