{"bill":{"name":["H.R.2207"],"url":"https:\/\/www.congress.gov\/bill\/110th-congress\/house-bill\/2207?q=%7B%22search%22%3A%5B%22%5C%22hr2207%5C%22%22%5D%7D&resultIndex=1","summary":[],"current-status":[{"status":"Passed House","details":{"actionDate":"2007-05-10","displayText":"Passed\/agreed to in House: On passage Passed by the Yeas and Nays: 302 - 120 (Roll no. 336).","externalActionCode":"8000","description":"Passed House"}}]},"congress-man":{"name":["Rep. Obey, David R. [D-WI-7]"],"url":"https:\/\/www.congress.gov\/member\/david-obey\/O000007?q=%7B%22search%22%3A%5B%22%5C%22hr2207%5C%22%22%5D%7D"}}