{"bill":{"name":["H.R.4351"],"url":"https:\/\/www.congress.gov\/bill\/110th-congress\/house-bill\/4351?q=%7B%22search%22%3A%5B%22%5C%22hr4351%5C%22%22%5D%7D&resultIndex=1","summary":[],"current-status":[{"status":"Passed House","details":{"actionDate":"2007-12-12","displayText":"Passed\/agreed to in House: On passage Passed by the Yeas and Nays: 226 - 193 (Roll no. 1153).(text: CR H15368-15371)","externalActionCode":"8000","description":"Passed House"}}]},"congress-man":{"name":["Rep. Rangel, Charles B. [D-NY-15]"],"url":"https:\/\/www.congress.gov\/member\/charles-rangel\/R000053?q=%7B%22search%22%3A%5B%22%5C%22hr4351%5C%22%22%5D%7D"}}