{"bill":{"name":["H.R.2095"],"url":"https:\/\/www.congress.gov\/bill\/110th-congress\/house-bill\/2095?q=%7B%22search%22%3A%5B%22%5C%22hr2095%5C%22%22%5D%7D&resultIndex=1","summary":[],"current-status":[{"status":"Became Law","details":{"actionDate":"2008-10-16","displayText":"Became Public Law No: 110-432.","externalActionCode":"36000","description":"Became Law"}}]},"congress-man":{"name":["Rep. Oberstar, James L. [D-MN-8]"],"url":"https:\/\/www.congress.gov\/member\/james-oberstar\/O000006?q=%7B%22search%22%3A%5B%22%5C%22hr2095%5C%22%22%5D%7D"}}