{"bill":{"name":["H.R.700"],"url":"https:\/\/www.congress.gov\/bill\/110th-congress\/house-bill\/700?q=%7B%22search%22%3A%5B%22%5C%22hr700%5C%22%22%5D%7D&resultIndex=1","summary":[],"current-status":[{"status":"Passed House","details":{"actionDate":"2007-03-08","displayText":"Passed\/agreed to in House: On passage Passed by the Yeas and Nays: 368 - 59 (Roll no. 130).","externalActionCode":"8000","description":"Passed House"}}]},"congress-man":{"name":["Rep. McNerney, Jerry [D-CA-11]"],"url":"https:\/\/www.congress.gov\/member\/jerry-mcnerney\/M001166?q=%7B%22search%22%3A%5B%22%5C%22hr700%5C%22%22%5D%7D"}}