{"bill":{"name":["H.R.4040"],"url":"https:\/\/www.congress.gov\/bill\/110th-congress\/house-bill\/4040?q=%7B%22search%22%3A%5B%22%5C%22hr4040%5C%22%22%5D%7D&resultIndex=1","summary":[],"current-status":[{"status":"Became Law","details":{"actionDate":"2008-08-14","displayText":"Became Public Law No: 110-314.","externalActionCode":"36000","description":"Became Law"}}]},"congress-man":{"name":["Rep. Rush, Bobby L. [D-IL-1]"],"url":"https:\/\/www.congress.gov\/member\/bobby-rush\/R000515?q=%7B%22search%22%3A%5B%22%5C%22hr4040%5C%22%22%5D%7D"}}