{"bill":{"name":["H.R.523"],"url":"https:\/\/www.congress.gov\/bill\/110th-congress\/house-bill\/523?q=%7B%22search%22%3A%5B%22%5C%22hr523%5C%22%22%5D%7D&resultIndex=1","summary":[],"current-status":[{"status":"Passed House","details":{"actionDate":"2007-10-22","displayText":"Passed\/agreed to in House: On motion to suspend the rules and pass the bill, as amended Agreed to by the Yeas and Nays: (2\/3 required): 377 - 0 (Roll no. 984).(text: CR H11789)","externalActionCode":"8000","description":"Passed House"}}]},"congress-man":{"name":["Rep. Hastings, Doc [R-WA-4]"],"url":"https:\/\/www.congress.gov\/member\/doc-hastings\/H000329?q=%7B%22search%22%3A%5B%22%5C%22hr523%5C%22%22%5D%7D"}}