{"bill":{"name":["H.R.545"],"url":"https:\/\/www.congress.gov\/bill\/110th-congress\/house-bill\/545?q=%7B%22search%22%3A%5B%22%5C%22hr545%5C%22%22%5D%7D&resultIndex=1","summary":["Congressional Bills 110th CongressFrom the US Government Printing OfficeHR 545 Placed on Calendar Senate PCS Calendar No 85110th CONGRESS 1st Session H R 545 IN THE SENATE OF THE UNITED STATES March 23 2007 Received and read the first time March 26 2007 Read the second time and placed on the calendar AN ACT To amend the Omnibus Crime Control and Safe Streets Act of 1968 to clarify that territories and Indian tribes are eligible to receive grants for confronting the use of methamphetamine Be it enacted by the Senate and House of Representatives of the United States of America in Congress assembledSECTION 1 SHORT TITLE This Act may be cited as the Native American Methamphetamine Enforcement and Treatment Act of 2007SEC 2 NATIVE AMERICAN PARTICIPATION IN METHAMPHETAMINE GRANTS a In GeneralSection 2996a of the Omnibus Crime Control and Safe Streets Act of 1968 42 USC 3797cca is amended 1 in paragraph 1 A in the matter preceding subparagraph A by inserting  territories and Indian tribes as defined in section 2704 after to assist States and B in subparagraph B by striking and local and inserting  territorial Tribal and local 2 in paragraph 2 by inserting  territories and Indian tribes after make grants to States and 3 in paragraph 3C by inserting  Tribal after support State b Grant Programs for Drug Endangered ChildrenSection 755a of the USA PATRIOT Improvement and Reauthorization Act of 2005 42 USC 3797cc2a is amended by inserting  territories and Indian tribes as defined in section 2704 of the Omnibus Crime Control and Safe Streets Act of 1968 42 USC 3797d after make grants to States c Grant Programs To Address Methamphetamine Use by Pregnant and Parenting Women OffendersSection 756 of the USA PATRIOT Improvement and Reauthorization Act of 2005 42 USC 3797cc3 is amended 1 in subsection a2 by inserting  territorial or Tribal after State 2 in subsection b A in paragraph 1 i by inserting  territorial or Tribal after State and ii by striking andor and inserting or B in paragraph 2 i by inserting  territory Indian tribe after agency of the State and ii by inserting  territory Indian tribe after criminal laws of that State and C by adding at the end the following 3 Indian tribeThe term Indian tribe has the meaning given the term in section 2704 of the Omnibus Crime Control and Safe Streets Act of 1968 42 USC 3797d and 3 in subsection c A in paragraph 3 by striking Indian Tribes and inserting Indian tribes and B in paragraph 4 i in the matter preceding subparagraph A I by striking States and II by striking andor and inserting or ii in subparagraph A by striking State iii in subparagraph C by inserting  Indian tribes after involved counties and iv in subparagraph D by inserting  Tribal after Federal State Passed the House of Representatives March 22 2007 Attest LORRAINE C MILLER Clerk Calendar No 85110th CONGRESS 1st Session H R 545 AN ACT To amend the Omnibus Crime Control and Safe Streets Act of 1968 to clarify that territories and Indian tribes are eligible to receive grants for confronting the use of methamphetamine March 26 2007 Read the second time and placed on the calendar"],"current-status":[{"status":"Passed House","details":{"actionDate":"2007-03-22","displayText":"Passed\/agreed to in House: On motion to suspend the rules and pass the bill, as amended Agreed to by the Yeas and Nays: (2\/3 required): 423 - 0 (Roll no. 183).(text: CR 3\/21\/2007 H2788-2789)","externalActionCode":"8000","description":"Passed House"}}]},"congress-man":{"name":["Rep. Udall, Tom [D-NM-3]"],"url":"https:\/\/www.congress.gov\/member\/tom-udall\/U000039?q=%7B%22search%22%3A%5B%22%5C%22hr545%5C%22%22%5D%7D"}}