{"bill":{"name":["H.R.2563"],"url":"https:\/\/www.congress.gov\/bill\/110th-congress\/house-bill\/2563?q=%7B%22search%22%3A%5B%22%5C%22hr2563%5C%22%22%5D%7D&resultIndex=1","summary":[],"current-status":[{"status":"Became Law","details":{"actionDate":"2007-08-09","displayText":"Became Public Law No: 110-71.","externalActionCode":"36000","description":"Became Law"}}]},"congress-man":{"name":["Rep. Latham, Tom [R-IA-4]"],"url":"https:\/\/www.congress.gov\/member\/tom-latham\/L000111?q=%7B%22search%22%3A%5B%22%5C%22hr2563%5C%22%22%5D%7D"}}