{"bill":{"name":["H.R.1830"],"url":"https:\/\/www.congress.gov\/bill\/110th-congress\/house-bill\/1830?q=%7B%22search%22%3A%5B%22%5C%22hr1830%5C%22%22%5D%7D&resultIndex=1","summary":[],"current-status":[{"status":"Became Law","details":{"actionDate":"2007-06-30","displayText":"Became Public Law No: 110-42.","externalActionCode":"36000","description":"Became Law"}}]},"congress-man":{"name":["Rep. Rangel, Charles B. [D-NY-15]"],"url":"https:\/\/www.congress.gov\/member\/charles-rangel\/R000053?q=%7B%22search%22%3A%5B%22%5C%22hr1830%5C%22%22%5D%7D"}}