{"bill":{"name":["H.R.3248"],"url":"https:\/\/www.congress.gov\/bill\/110th-congress\/house-bill\/3248?q=%7B%22search%22%3A%5B%22%5C%22hr3248%5C%22%22%5D%7D&resultIndex=1","summary":[],"current-status":[{"status":"Passed House","details":{"actionDate":"2007-08-01","displayText":"Passed\/agreed to in House: On motion to suspend the rules and pass the bill Agreed to by the Yeas and Nays: (2\/3 required): 422 - 1 (Roll no. 789).(text: CR 8\/2\/2007 H9507-9519)","externalActionCode":"8000","description":"Passed House"}}]},"congress-man":{"name":["Rep. Oberstar, James L. [D-MN-8]"],"url":"https:\/\/www.congress.gov\/member\/james-oberstar\/O000006?q=%7B%22search%22%3A%5B%22%5C%22hr3248%5C%22%22%5D%7D"}}