{"bill":{"name":["H.R.1722"],"url":"https:\/\/www.congress.gov\/bill\/110th-congress\/house-bill\/1722?q=%7B%22search%22%3A%5B%22%5C%22hr1722%5C%22%22%5D%7D&resultIndex=1","summary":[],"current-status":[{"status":"Became Law","details":{"actionDate":"2007-08-09","displayText":"Became Public Law No: 110-64.","externalActionCode":"36000","description":"Became Law"}}]},"congress-man":{"name":["Rep. Wexler, Robert [D-FL-19]"],"url":"https:\/\/www.congress.gov\/member\/robert-wexler\/W000314?q=%7B%22search%22%3A%5B%22%5C%22hr1722%5C%22%22%5D%7D"}}