{"bill":{"name":["H.R.1906"],"url":"https:\/\/www.congress.gov\/bill\/110th-congress\/house-bill\/1906?q=%7B%22search%22%3A%5B%22%5C%22hr1906%5C%22%22%5D%7D&resultIndex=1","summary":[],"current-status":[{"status":"Passed House","details":{"actionDate":"2007-04-19","displayText":"Passed\/agreed to in House: On passage Passed by the Yeas and Nays: 216 - 203 (Roll no. 232).(text: CR H3594)","externalActionCode":"8000","description":"Passed House"}}]},"congress-man":{"name":["Rep. Norton, Eleanor Holmes [D-DC-At Large]"],"url":"https:\/\/www.congress.gov\/member\/eleanor-norton\/N000147?q=%7B%22search%22%3A%5B%22%5C%22hr1906%5C%22%22%5D%7D"}}