{"bill":{"name":["H.R.3985"],"url":"https:\/\/www.congress.gov\/bill\/110th-congress\/house-bill\/3985?q=%7B%22search%22%3A%5B%22%5C%22hr3985%5C%22%22%5D%7D&resultIndex=1","summary":[],"current-status":[{"status":"Became Law","details":{"actionDate":"2008-07-30","displayText":"Became Public Law No: 110-291.","externalActionCode":"36000","description":"Became Law"}}]},"congress-man":{"name":["Rep. DeFazio, Peter A. [D-OR-4]"],"url":"https:\/\/www.congress.gov\/member\/peter-defazio\/D000191?q=%7B%22search%22%3A%5B%22%5C%22hr3985%5C%22%22%5D%7D"}}