{"bill":{"name":["H.Res.266"],"url":"https:\/\/www.congress.gov\/bill\/110th-congress\/house-resolution\/266?q=%7B%22search%22%3A%5B%22%5C%22hres266%5C%22%22%5D%7D&resultIndex=1","summary":["Congressional Bills 110th CongressFrom the US Government Printing OfficeH Res 266 Engrossed in House EH In the House of Representatives U S March 27 2007Whereas social workers have the demonstrated education and experience to guide individuals families and communities through complex issues and choicesWhereas social workers connect individuals families and communities to available resourcesWhereas social workers are dedicated to improving the society in which we liveWhereas social workers are positive and compassionate professionalsWhereas social workers stand up for others to make sure everyone has access to the same basic rights protections and opportunitiesWhereas social workers have been the driving force behind important social movements in the United States and abroad andWhereas Professional Social Work Month and World Social Work Day which is March 27 2007 will build awareness of the role of professional social workers and their commitment and dedication to individuals families and communities everywhere though service delivery research education and legislative advocacy Now therefore be it Resolved That the House of Representatives 1 supports the goals and ideals of Professional Social Work Month and World Social Work Day 2 acknowledges the diligent efforts of individuals and groups who promote the importance of social work and who are observing Professional Social Work Month and World Social Work Day 3 encourages the American people to engage in appropriate ceremonies and activities to further promote awareness of the life changing role of social workers 4 recognizes with gratitude the contributions of the millions of caring individuals who have chosen to serve their communities through social work and 5 encourages young people to seek out educational and professional opportunities to become social workers Attest Clerk"],"current-status":[{"status":"Passed House","details":{"actionDate":"2007-03-27","displayText":"Passed\/agreed to in House: On motion to suspend the rules and agree to the resolution Agreed to by the Yeas and Nays: (2\/3 required): 417 - 2 (Roll no. 193).(text: CR 3\/26\/2007 H3028)","externalActionCode":"8000","description":"Passed House"}}]},"congress-man":{"name":["Rep. Shea-Porter, Carol [D-NH-1]"],"url":"https:\/\/www.congress.gov\/member\/carol-shea-porter\/S001170?q=%7B%22search%22%3A%5B%22%5C%22hres266%5C%22%22%5D%7D"}}