{"bill":{"name":["H.Res.818"],"url":"https:\/\/www.congress.gov\/bill\/110th-congress\/house-resolution\/818?q=%7B%22search%22%3A%5B%22%5C%22hres818%5C%22%22%5D%7D&resultIndex=1","summary":["Congressional Bills 110th CongressFrom the US Government Printing OfficeH Res 818 Engrossed in House EH In the House of Representatives U S November 14 2007 Resolved That upon the adoption of this resolution it shall be in order to consider in the House the bill HR 4156 making emergency supplemental appropriations for the Department of Defense for the fiscal year ending September 30 2008 and for other purposes All points of order against consideration of the bill are waived except those arising under clause 9 or 10 of rule XXI The bill shall be considered as read All points of order against provisions of the bill are waived The previous question shall be considered as ordered on the bill to final passage without intervening motion except 1 two hours of debate equally divided and controlled by the chairman and ranking minority member of the Committee on Appropriations and 2 one motion to recommit Sec 2 During consideration of HR 4156 pursuant to this resolution notwithstanding the operation of the previous question the Chair may postpone further consideration of the bill to such time as may be designated by the Speaker Attest Clerk"],"current-status":[{"status":"Passed House","details":{"actionDate":"2007-11-14","displayText":"Passed\/agreed to in House: On agreeing to the resolution Agreed to by the Yeas and Nays: 219 - 190 (Roll no. 1104).(text: CR H13904)","externalActionCode":"8000","description":"Passed House"}}]},"congress-man":{"name":["Rep. McGovern, James P. [D-MA-3]"],"url":"https:\/\/www.congress.gov\/member\/james-mcgovern\/M000312?q=%7B%22search%22%3A%5B%22%5C%22hres818%5C%22%22%5D%7D"}}