{"bill":{"name":["H.Res.742"],"url":"https:\/\/www.congress.gov\/bill\/110th-congress\/house-resolution\/742?q=%7B%22search%22%3A%5B%22%5C%22hres742%5C%22%22%5D%7D&resultIndex=1","summary":["Congressional Bills 110th CongressFrom the US Government Printing OfficeH Res 742 Engrossed in House EH In the House of Representatives U S October 16 2007 Resolved That upon the adoption of this resolution it shall be in order to consider in the House the bill HR 2102 to maintain the free flow of information to the public by providing conditions for the federally compelled disclosure of information by certain persons connected with the news media All points of order against consideration of the bill are waived except those arising under clause 9 or 10 of rule XXI The amendment in the nature of a substitute recommended by the Committee on the Judiciary now printed in the bill shall be considered as adopted The bill as amended shall be considered as read All points of order against provisions of the bill as amended are waived The previous question shall be considered as ordered on the bill as amended to final passage without intervening motion except 1 one hour of debate equally divided and controlled by the chairman and ranking minority member of the Committee on the Judiciary 2 the amendment printed in the report of the Committee on Rules if offered by Representative Boucher of Virginia or his designee which shall be in order without intervention of any point of order except those arising under clause 9 or 10 of rule XXI or demand for division of the question shall be considered as read and shall be separately debatable for ten minutes equally divided and controlled by the proponent and an opponent and 3 one motion to recommit with or without instructions Sec 2 During consideration of HR 2102 pursuant to this resolution notwithstanding the operation of the previous question the Chair may postpone further consideration of the bill to such time as may be designated by the Speaker Attest Clerk"],"current-status":[{"status":"Passed House","details":{"actionDate":"2007-10-16","displayText":"Passed\/agreed to in House: On agreeing to the resolution Agreed to by the Yeas and Nays: 222 - 194 (Roll no. 967).(text: CR H11563)","externalActionCode":"8000","description":"Passed House"}}]},"congress-man":{"name":["Rep. Slaughter, Louise McIntosh [D-NY-28]"],"url":"https:\/\/www.congress.gov\/member\/louise-slaughter\/S000480?q=%7B%22search%22%3A%5B%22%5C%22hres742%5C%22%22%5D%7D"}}