{"bill":{"name":["H.Res.741"],"url":"https:\/\/www.congress.gov\/bill\/110th-congress\/house-resolution\/741?q=%7B%22search%22%3A%5B%22%5C%22hres741%5C%22%22%5D%7D&resultIndex=1","summary":["Congressional Bills 110th CongressFrom the US Government Printing OfficeH Res 741 Engrossed in House EH In the House of Representatives U S October 16 2007 Resolved That upon the adoption of this resolution it shall be in order without intervention of any point of order to consider in the House the resolution H Res 734 expressing the sense of the House of Representatives regarding the withholding of information relating to corruption in Iraq The resolution shall be considered as read The previous question shall be considered as ordered on the resolution to final adoption without intervening motion or demand for division of the question except 1 one hour of debate equally divided and controlled by the chairman and ranking minority member of the Committee on Oversight and Government Reform and 2 one motion to recommit which may not contain instructions Attest Clerk"],"current-status":[{"status":"Passed House","details":{"actionDate":"2007-10-16","displayText":"Passed\/agreed to in House: On agreeing to the resolution Agreed to by the Yeas and Nays: 225 - 195 (Roll no. 965).(text: CR H11555)","externalActionCode":"8000","description":"Passed House"}}]},"congress-man":{"name":["Rep. Welch, Peter [D-VT-At Large]"],"url":"https:\/\/www.congress.gov\/member\/peter-welch\/W000800?q=%7B%22search%22%3A%5B%22%5C%22hres741%5C%22%22%5D%7D"}}