{"bill":{"name":["H.Res.794"],"url":"https:\/\/www.congress.gov\/bill\/110th-congress\/house-resolution\/794?q=%7B%22search%22%3A%5B%22%5C%22hres794%5C%22%22%5D%7D&resultIndex=1","summary":["Congressional Bills 110th CongressFrom the US Government Printing OfficeH Res 794 Engrossed in House EH In the House of Representatives U S November 6 2007 Resolved That upon adoption of this resolution it shall be in order to consider the conference report to accompany the bill HR 3043 making appropriations for the Departments of Labor Health and Human Services and Education and related agencies for the fiscal year ending September 30 2008 and for other purposes All points of order against the conference report and against its consideration are waived The conference report shall be considered as read Sec 2 A motion to proceed to consideration of HR 3688 pursuant to section 151 of the Trade Act of 1974 shall be in order only if offered by the Majority Leader or his designee Sec 3 Upon receipt of a message from the Senate transmitting HR 3043 with a Senate amendment thereto it shall be in order to take the same from the Speakers table and to consider in the House without intervention of any point of order a motion offered by the chairman of the Committee on Appropriations or his designee that the House concur in such amendment The Senate amendment and the motion shall be considered as read The motion shall be debatable for one hour equally divided and controlled by the chairman and ranking minority member of the Committee on Appropriations The previous question shall be considered as ordered on the motion to its adoption without intervening motion Attest Clerk"],"current-status":[{"status":"Passed House","details":{"actionDate":"2007-11-06","displayText":"Passed\/agreed to in House: On agreeing to the resolution Agreed to by the Yeas and Nays: 216 - 182 (Roll no. 1048).(text: CR H12802)","externalActionCode":"8000","description":"Passed House"}}]},"congress-man":{"name":["Rep. Hastings, Alcee L. [D-FL-23]"],"url":"https:\/\/www.congress.gov\/member\/alcee-hastings\/H000324?q=%7B%22search%22%3A%5B%22%5C%22hres794%5C%22%22%5D%7D"}}