{"bill":{"name":["H.Res.257"],"url":"https:\/\/www.congress.gov\/bill\/110th-congress\/house-resolution\/257?q=%7B%22search%22%3A%5B%22%5C%22hres257%5C%22%22%5D%7D&resultIndex=1","summary":["Congressional Bills 110th CongressFrom the US Government Printing OfficeH Res 257 Engrossed in House EH In the House of Representatives U S September 10 2007Whereas over 37170 people will be diagnosed with pancreatic cancer this year in the United StatesWhereas pancreatic cancer is the fourth most common cause of cancer death in the United StatesWhereas 75 percent of pancreatic cancer patients die within the first year of their diagnosis and only 5 percent survive more than 5 years making pancreatic cancer the deadliest of any cancerWhereas there has been no significant improvement in survival rates in the last 25 years and pancreatic cancer research is still in the earliest scientific stagesWhereas there are no early detection methods and minimal treatment options for pancreatic cancerWhereas when symptoms of pancreatic cancer generally present themselves it is too late for an optimistic prognosis and the average survival rate of those diagnosed with metastatic disease is only 3 to 6 monthsWhereas the incidence rate of pancreatic cancer is 40 to 50 percent higher in African Americans than in other ethnic groupsWhereas the Pancreatic Cancer Action Network PanCAN is a national patient advocacy organization that serves the pancreatic cancer community by focusing its efforts on public policy research funding patient services and public awareness and education related to developing effective treatments and a cure for pancreatic cancer andWhereas the Pancreatic Cancer Action Network has requested that the Congress designate November as Pancreatic Cancer Awareness Month in order to educate communities across the Nation about pancreatic cancer and the need for research funding early detection methods effective treatments and prevention programs Now therefore be it Resolved That the House of Representatives supports the goals and ideals of Pancreatic Cancer Awareness Month Attest Clerk"],"current-status":[{"status":"Passed House","details":{"actionDate":"2007-09-10","displayText":"Passed\/agreed to in House: On motion to suspend the rules and agree to the resolution, as amended Agreed to by the Yeas and Nays: (2\/3 required): 330 - 0 (Roll no. 865).(text: CR H10333)","externalActionCode":"8000","description":"Passed House"}}]},"congress-man":{"name":["Rep. Platts, Todd Russell [R-PA-19]"],"url":"https:\/\/www.congress.gov\/member\/todd-platts\/P000585?q=%7B%22search%22%3A%5B%22%5C%22hres257%5C%22%22%5D%7D"}}