{"bill":{"name":["H.Res.78"],"url":"https:\/\/www.congress.gov\/bill\/110th-congress\/house-resolution\/78?q=%7B%22search%22%3A%5B%22%5C%22hres78%5C%22%22%5D%7D&resultIndex=1","summary":["Congressional Bills 110th CongressFrom the US Government Printing OfficeH Res 78 Engrossed in House EH In the House of Representatives U S January 24 2007 ResolvedSECTION 1 VOTING BY DELEGATES AND RESIDENT COMMISSIONER IN COMMITTEE OF THE WHOLE a Permitting Votes To Be CastClause 3a of rule III of the Rules of the House of Representatives is amended to read as follows 3 a In a Committee of the Whole House on the state of the Union each Delegate and the Resident Commissioner shall possess the same powers and privileges as Members of the House Each Delegate and the Resident Commissioner shall be elected to serve on standing committees in the same manner as Members of the House and shall possess in such committees the same powers and privileges as the other members of the committee b Appointment of ChairThe first sentence of clause 1 of rule XVIII of the Rules of the House of Representatives is amended by striking a Chairman and inserting a Member Delegate or the Resident Commissioner as Chairman c Repeating of Certain VotesClause 6 of rule XVIII of the Rules of the House of Representatives is amended by adding at the end the following new paragraph h Whenever a recorded vote on any question has been decided by a margin within which the votes cast by the Delegates and the Resident Commissioner have been decisive the Committee of the Whole shall rise and the Speaker shall put such question de novo without intervening motion Upon the announcement of the vote on that question the Committee of the Whole shall resume its sitting without intervening motion Attest Clerk"],"current-status":[{"status":"Passed House","details":{"actionDate":"2007-01-24","displayText":"Passed\/agreed to in House: On agreeing to the resolution Agreed to by the Yeas and Nays: 226 - 191 (Roll no. 57).(text: CR H904)","externalActionCode":"8000","description":"Passed House"}}]},"congress-man":{"name":["Rep. Hoyer, Steny H. [D-MD-5]"],"url":"https:\/\/www.congress.gov\/member\/steny-hoyer\/H000874?q=%7B%22search%22%3A%5B%22%5C%22hres78%5C%22%22%5D%7D"}}