{"bill":{"name":["H.Res.643"],"url":"https:\/\/www.congress.gov\/bill\/110th-congress\/house-resolution\/643?q=%7B%22search%22%3A%5B%22%5C%22hres643%5C%22%22%5D%7D&resultIndex=1","summary":[],"current-status":[{"status":"Passed House","details":{"actionDate":"2007-09-10","displayText":"Passed\/agreed to in House: On motion to suspend the rules and agree to the resolution Agreed to by the Yeas and Nays: (2\/3 required): 334 - 1 (Roll no. 866).(text: CR H10335)","externalActionCode":"8000","description":"Passed House"}}]},"congress-man":{"name":["Rep. Hoyer, Steny H. [D-MD-5]"],"url":"https:\/\/www.congress.gov\/member\/steny-hoyer\/H000874?q=%7B%22search%22%3A%5B%22%5C%22hres643%5C%22%22%5D%7D"}}