{"bill":{"name":["H.Res.842"],"url":"https:\/\/www.congress.gov\/bill\/110th-congress\/house-resolution\/842?q=%7B%22search%22%3A%5B%22%5C%22hres842%5C%22%22%5D%7D&resultIndex=1","summary":["Congressional Bills 110th CongressFrom the US Government Printing OfficeH Res 842 Engrossed in House EH In the House of Representatives U S December 11 2007Whereas on November 15 2007 Cylcone Sidr hit the coast of southern Bangladesh with 155 mileanhour winds that smashed tens of thousands of homes damaged roads and buildings and caused a 15foot tidal surge that ruined thousands of hectares of cropsWhereas early reports have branded the destruction from Cyclone Sidr as the worst in Bangladesh in 16 yearsWhereas the resulting damage from the cyclone affected more than 8000000 people through loss of their homes and livelihoodsWhereas over half of the affected internally displaced population are childrenWhereas Bangladeshs Disaster Ministry estimates that the cyclone damaged or destroyed 1500000 housesWhereas the death toll from the cyclone stands at more than 3000Whereas as the 4 districts in southern Bangladesh that were most drastically affected by the cyclone are Patuakhali Bagerhat Barisal and PirojpurWhereas one relief worker commented that Bagerhat looked like a valley of death in the days after the stormWhereas an entire island in Barisal another district of southern Bangladesh was submerged under at least 6 feet of water and houses were blown away by windsWhereas the capital Dhaka which is located over 130 miles away from the devastated southern coastline was also impacted by the storm losing access to power and water for daysWhereas a massive tidal wave that was caused by Cyclone Sidr hit the Sunderbans the worlds biggest mangrove forest that is home to the endangered Royal Bengal tiger leaving a wake of death and destruction that have caused experts to declare the forest an ecological disasterWhereas officials at the United Nations World Food Program have appealed for international aid to help save lives in Bangladesh noting that food supplies have been severely disrupted by the cyclone andWhereas due to the limited access to water supply and sanitation facilities that millions of Bangladeshis will face health officials have warned against the possibility of cholera dysentery and other waterborne diseases Now therefore be it Resolved That the House of Representatives 1 expresses its heartfelt sympathy for the victims of Cyclone Sidr which has affected southern Bangladesh 2 conveys its sincere support to the people of Bangladesh 3 supports the United States Governments efforts to immediately make available all appropriate assistance requested by Bangladeshi authorities and 4 reaffirms its commitment to provide relief aid to the victims as the effects of the cyclone continue to unfold Attest Clerk"],"current-status":[{"status":"Passed House","details":{"actionDate":"2007-12-11","displayText":"Passed\/agreed to in House: On motion to suspend the rules and agree to the resolution, as amended Agreed to by the Yeas and Nays: (2\/3 required): 388 - 0 (Roll no. 1142).(text: CR H15230)","externalActionCode":"8000","description":"Passed House"}}]},"congress-man":{"name":["Rep. Rothman, Steven R. [D-NJ-9]"],"url":"https:\/\/www.congress.gov\/member\/steven-rothman\/R000462?q=%7B%22search%22%3A%5B%22%5C%22hres842%5C%22%22%5D%7D"}}