{"bill":{"name":["H.Res.590"],"url":"https:\/\/www.congress.gov\/bill\/110th-congress\/house-resolution\/590?q=%7B%22search%22%3A%5B%22%5C%22hres590%5C%22%22%5D%7D&resultIndex=1","summary":[],"current-status":[{"status":"Passed House","details":{"actionDate":"2007-09-25","displayText":"Passed\/agreed to in House: On motion to suspend the rules and agree to the resolution, as amended Agreed to by the Yeas and Nays: (2\/3 required): 395 - 0 (Roll no. 907).(text: CR H10791)","externalActionCode":"8000","description":"Passed House"}}]},"congress-man":{"name":["Rep. Poe, Ted [R-TX-2]"],"url":"https:\/\/www.congress.gov\/member\/ted-poe\/P000592?q=%7B%22search%22%3A%5B%22%5C%22hres590%5C%22%22%5D%7D"}}