{"bill":{"name":["H.Res.89"],"url":"https:\/\/www.congress.gov\/bill\/110th-congress\/house-resolution\/89?q=%7B%22search%22%3A%5B%22%5C%22hres89%5C%22%22%5D%7D&resultIndex=1","summary":["Congressional Bills 110th CongressFrom the US Government Printing OfficeH Res 89 Engrossed in House EH In the House of Representatives U S March 12 2007Whereas 225 years ago on the 19th of April 1782 in the City of the Hague the Ambassadorial credentials of John Adams were officially recognized by Prince William V of Orange and the StatesGeneral thus establishing formal diplomatic ties between the new government of the United States and the Republic of the NetherlandsWhereas the historical ties between the Dutch and American people go back nearly 200 years earlier to the period when the Pilgrims resided for almost 11 years in the Netherlands before sailing to the new worldWhereas the diplomatic ties between the governments of the United States and the Netherlands are the longest continuous ties between the United States and any country of the worldWhereas the Dutch contribution to the American melting pot has played such a significant role in the life of America as exemplified by Presidents Martin Van Buren Theodore Roosevelt and Franklin Delano RooseveltWhereas the bonds of friendship linking the Dutch and American people continue to grow in strength and affection andWhereas the heritage of this friendship between peoples serves as a laudable example for the kinds of relations that should link all the peoples of the earth and should be properly extolled Now therefore be it Resolved That it is the sense of the House of Representatives that a day should be established as DutchAmerican Friendship Day to celebrate the historic ties of the United States and the Netherlands Attest Clerk"],"current-status":[{"status":"Passed House","details":{"actionDate":"2007-03-12","displayText":"Passed\/agreed to in House: On motion to suspend the rules and agree to the resolution Agreed to by the Yeas and Nays: (2\/3 required): 391 - 0 (Roll no. 138).(text: CR H2414)","externalActionCode":"8000","description":"Passed House"}}]},"congress-man":{"name":["Rep. Hoekstra, Peter [R-MI-2]"],"url":"https:\/\/www.congress.gov\/member\/peter-hoekstra\/H000676?q=%7B%22search%22%3A%5B%22%5C%22hres89%5C%22%22%5D%7D"}}