{"bill":{"name":["H.Res.428"],"url":"https:\/\/www.congress.gov\/bill\/110th-congress\/house-resolution\/428?q=%7B%22search%22%3A%5B%22%5C%22hres428%5C%22%22%5D%7D&resultIndex=1","summary":[],"current-status":[{"status":"Introduced","details":{"actionDate":"2007-05-22","displayText":"Introduced in House","externalActionCode":"1000","description":"Introduced"}}]},"congress-man":{"name":["Rep. Rogers, Mike J. [R-MI-8]"],"url":"https:\/\/www.congress.gov\/member\/mike-rogers\/R000572?q=%7B%22search%22%3A%5B%22%5C%22hres428%5C%22%22%5D%7D"}}