{"bill":{"name":["H.Res.289"],"url":"https:\/\/www.congress.gov\/bill\/110th-congress\/house-resolution\/289?q=%7B%22search%22%3A%5B%22%5C%22hres289%5C%22%22%5D%7D&resultIndex=1","summary":["Congressional Bills 110th CongressFrom the US Government Printing OfficeH Res 289 Engrossed in House EH In the House of Representatives U S April 24 2007Whereas on average a person is sexually assaulted in the United States every twoandahalf minutesWhereas the Department of Justice reports that 191670 people in the United States were sexually assaulted in 2005Whereas 1 in 6 women and 1 in 33 men have been victims of rape or attempted rapeWhereas children and young adults are most at risk as 44 percent of sexual assault victims are under the age of 18 and 80 percent are under the age of 30Whereas sexual assault affects women men and children of all racial social religious age ethnic and economic groups in the United StatesWhereas only 41 percent of sexual assault victims pursue prosecution by reporting their attack to law enforcement agenciesWhereas twothirds of sexual crimes are committed by persons who are not strangers to the victimsWhereas sexual assault survivors suffer emotional scars long after the physical scars have healedWhereas prevention education programs carried out by rape crisis and womens health centers have the potential to reduce the prevalence of sexual assault in their communitiesWhereas because of recent advances in DNA technology law enforcement agencies have the potential to identify the rapists in tens of thousands of unsolved rape casesWhereas aggressive prosecution can incarcerate rapists and therefore prevent them from committing further crimesWhereas free confidential help is available to all survivors of sexual assault through the National Sexual Assault Hotline more than 1000 rape crisis centers across the United States and other organizations that provide services to assist survivors of sexual assaultWhereas the rate of sexual assaults has decreased by half in the last decade andWhereas April is recognized as National Sexual Assault Awareness and Prevention Month Now therefore be it Resolved That 1 it is the sense of the House of Representatives that A National Sexual Assault Awareness and Prevention Month provides a special opportunity to educate the people of the United States about sexual violence and to encourage the prevention of sexual assault the improved treatment of its survivors and the prosecution of its perpetrators B it is appropriate to properly acknowledge the more than 20000000 men and women who have survived sexual assault in the United States and salute the efforts of survivors volunteers and professionals who combat sexual assault C national and community organizations and private sector supporters should be recognized and applauded for their work in promoting awareness about sexual assault providing information and treatment to its survivors and increasing the number of successful prosecutions of its perpetrators D public safety law enforcement and health professionals should be recognized and applauded for their hard work and innovative strategies to increase the percentage of sexual assault cases that result in the prosecution and incarceration of the offenders 2 the House of Representatives strongly recommends national and community organizations businesses in the private sector colleges and universities and the media to promote through National Sexual Assault Awareness and Prevention Month awareness of sexual violence and strategies to decrease the incidence of sexual assault and 3 the House of Representatives supports the goals and ideals of National Sexual Assault Awareness and Prevention Month Attest Clerk"],"current-status":[{"status":"Passed House","details":{"actionDate":"2007-04-24","displayText":"Passed\/agreed to in House: On motion to suspend the rules and agree to the resolution Agreed to by the Yeas and Nays: (2\/3 required): 410 - 0 (Roll no. 251).(text: CR 4\/23\/2007 H3738)","externalActionCode":"8000","description":"Passed House"}}]},"congress-man":{"name":["Rep. Moran, James P. [D-VA-8]"],"url":"https:\/\/www.congress.gov\/member\/james-moran\/M000933?q=%7B%22search%22%3A%5B%22%5C%22hres289%5C%22%22%5D%7D"}}