{"bill":{"name":["H.Res.438"],"url":"https:\/\/www.congress.gov\/bill\/110th-congress\/house-resolution\/438?q=%7B%22search%22%3A%5B%22%5C%22hres438%5C%22%22%5D%7D&resultIndex=1","summary":["Congressional Bills 110th CongressFrom the US Government Printing OfficeH Res 438 Reported in House RH House Calendar No 66110th CONGRESS 1st SessionH RES 438 Report No 110168 Providing for consideration of the Senate amendment to the bill HR 2206 making emergency supplemental appropriations and additional supplemental appropriations for agricultural and other emergency assistance for the fiscal year ending September 30 2007 and for other purposes IN THE HOUSE OF REPRESENTATIVES May 24 legislative day May 23 2007 Ms Slaughter from the Committee on Rules reported the following resolution which was referred to the House Calendar and ordered to be printed RESOLUTION Providing for consideration of the Senate amendment to the bill HR 2206 making emergency supplemental appropriations and additional supplemental appropriations for agricultural and other emergency assistance for the fiscal year ending September 30 2007 and for other purposes Resolved That upon adoption of this resolution it shall be in order to take from the Speakers table the bill HR 2206 making emergency supplemental appropriations and additional supplemental appropriations for agricultural and other emergency assistance for the fiscal year ending September 30 2007 and for other purposes with the Senate amendment thereto and to consider in the House without intervention of any point of order a motion offered by the chairman of the Committee on Appropriations or his designee that the House concur in the Senate amendment with the House amendments printed in the report of the Committee on Rules accompanying this resolution The Senate amendment and the motion shall be considered as read The motion shall be debatable for one hour equally divided and controlled by the chairman and ranking minority member of the Committee on Appropriations The previous question shall be considered as ordered on the motion to its adoption without intervening motion or demand for division of the question except that the Chair shall divide the question of adoption of the motion between the two House amendments Sec 2 If both portions of the divided question specified in the first section of this resolution are adopted the action of the House shall be engrossed as a single amendment to the Senate amendment to HR 2206 Sec 3 During consideration of the motion to concur pursuant to this resolution notwithstanding the operation of the previous question the Chair may postpone further consideration of such motion to such time as may be designated by the Speaker Sec 4 a During consideration in the Committee of the Whole of a bill making supplemental appropriations for military operations in Iraq or Afghanistan for fiscal year 2008 before consideration of any other amendment it shall be in order to consider an amendment only proposing to add to the bill the text of HR 2451 Such amendment shall be considered as read shall not be subject to amendment and shall not be subject to a demand for division of the question in the House or the Committee of the Whole All points of order against such amendment are waived except those arising under clause 9 of rule XXI b Subsection a shall not apply to a bill making regular appropriations for the Department of Defense for the fiscal year ending September 30 2008 House Calendar No 66110th CONGRESS 1st Session H RES 438 Report No 110168 RESOLUTION Providing for consideration of the Senate amendment to the bill HR 2206 making emergency supplemental appropriations and additional supplemental appropriations for agricultural and other emergency assistance for the fiscal year ending September 30 2007 and for other purposes May 24 legislative day May 23 2007 Referred to the House Calendar and ordered to be printed"],"current-status":[{"status":"Passed House","details":{"actionDate":"2007-05-24","displayText":"Passed\/agreed to in House: On agreeing to the resolution Agreed to by the Yeas and Nays: 218 - 201 (Roll no. 418).(text: CR H5730)","externalActionCode":"8000","description":"Passed House"}}]},"congress-man":{"name":["Rep. Slaughter, Louise McIntosh [D-NY-28]"],"url":"https:\/\/www.congress.gov\/member\/louise-slaughter\/S000480?q=%7B%22search%22%3A%5B%22%5C%22hres438%5C%22%22%5D%7D"}}