{"bill":{"name":["H.Res.64"],"url":"https:\/\/www.congress.gov\/bill\/110th-congress\/house-resolution\/64?q=%7B%22search%22%3A%5B%22%5C%22hres64%5C%22%22%5D%7D&resultIndex=1","summary":["Congressional Bills 110th CongressFrom the US Government Printing OfficeH Res 64 Engrossed in House EH In the House of Representatives U S March 13 2007Whereas Salah Uddin Shoaib Choudhury is a Bangladeshi journalist who because of his beliefs in an interfaith dialogue between Jews and Muslims and criticism of Islamic extremism is on trial for sedition an offense punishable by deathWhereas on November 29 2003 Mr Choudhury was arrested at Zia International Airport in Dhaka Bangladesh on his way to board a flight bound for Tel Aviv Mr Choudhurys passport was seized along with considerable sums of money and several personal items on that same day police raided Mr Choudhurys home and newspaper offices seizing files computers and other valuablesWhereas Mr Choudhury was detained in Dhaka Central Jail for a passport violation then subsequently charged with sedition Mr Choudhury suffered harsh interrogation techniques and received no treatment for a debilitating case of glaucoma Mr Choudhurys incarceration lasted 17 months without legal recourseWhereas on April 30 2005 after intervention by the United States Department of State and congressional offices Mr Choudhury was released on bailWhereas in the subsequent months senior members of the Bangladeshi Government made continuous public promises that there was no substance to Mr Choudhurys pending charges and that all charges would be droppedWhereas on September 29 2005 Mr Choudhury was awarded the Freedom to Write Award by PEN USAWhereas on May 5 2006 Mr Choudhury was awarded the American Jewish Committees Moral Courage Award in absentia in Washington DC two days prior to Mr Choudhury receiving the award after returning Mr Choudhurys passport and appearing to allow him to attend senior Bangladeshi Government officials issued threats to prevent him from leaving the countryWhereas on September 18 2006 a judge with alleged ties to an Islamic extremist party ruled that Mr Choudhury will stand trial for sedition the judge made this ruling despite the Public Prosecutors testimony in court days before that the government did not have evidence and would not object to the charges being droppedWhereas members of the United States Commission on International Religious Freedom visited with Mr Choudhury on their trip to Bangladesh in February and March 2006Whereas on October 6 2006 the United States Commission on International Religious Freedom wrote a letter to US Assistant Secretary of State for South and Central Asian Affairs Richard A Boucher calling on the United States Government to strengthen the voices of moderation in countries like Bangladesh where the rule of law democratic institutions and respect for human rights are under assault by violent extremists the Commission identified Mr Choudhury as one of those voices that should not be silencedWhereas according to the Department of States 2005 Country Report on Human Rights Practices in Bangladesh Attacks on journalists and newspapers and government efforts to intimidate them political party activists and others occurred frequently andWhereas moderate voices in the Muslim world must be supported and protected to advance the security of the United States and its allies Now therefore be it Resolved That it is the sense of the House of Representatives that 1 the Government of Bangladesh should immediately drop all pending charges against Bangladeshi journalist Salah Uddin Shoaib Choudhury 2 the Government of Bangladesh should immediately return all of Mr Choudhurys confiscated possessions and 3 the Government of Bangladesh should cease harassment and intimidation of Mr Choudhury and take steps to protect Mr Choudhury Attest Clerk"],"current-status":[{"status":"Passed House","details":{"actionDate":"2007-03-13","displayText":"Passed\/agreed to in House: On motion to suspend the rules and agree to the resolution, as amended Agreed to by the Yeas and Nays: (2\/3 required): 409 - 1, 4 Present (Roll no. 139).(text: CR H2448)","externalActionCode":"8000","description":"Passed House"}}]},"congress-man":{"name":["Rep. Kirk, Mark Steven [R-IL-10]"],"url":"https:\/\/www.congress.gov\/member\/mark-kirk\/K000360?q=%7B%22search%22%3A%5B%22%5C%22hres64%5C%22%22%5D%7D"}}