{"bill":{"name":["H.Res.464"],"url":"https:\/\/www.congress.gov\/bill\/110th-congress\/house-resolution\/464?q=%7B%22search%22%3A%5B%22%5C%22hres464%5C%22%22%5D%7D&resultIndex=1","summary":["Congressional Bills 110th CongressFrom the US Government Printing OfficeH Res 464 Engrossed in House EH In the House of Representatives U S June 7 2007 Resolved That upon the adoption of this resolution it shall be in order to consider in the House the bill S 5 to amend the Public Health Service Act to provide for human embryonic stem cell research All points of order against the bill and against its consideration are waived except those arising under clause 10 of rule XXI The bill shall be considered as read The previous question shall be considered as ordered on the bill to final passage without intervening motion except 1 one hour of debate equally divided and controlled by the chairman and ranking minority member of the Committee on Energy and Commerce and 2 one motion to commit Sec 2 During consideration of S 5 pursuant to this resolution notwithstanding the operation of the previous question the Chair may postpone further consideration of the bill to such time as may be designated by the Speaker Attest Clerk"],"current-status":[{"status":"Passed House","details":{"actionDate":"2007-06-07","displayText":"Passed\/agreed to in House: On agreeing to the resolution Agreed to by recorded vote: 224 - 191 (Roll no. 441).(text: CR H6115)","externalActionCode":"8000","description":"Passed House"}}]},"congress-man":{"name":["Rep. Matsui, Doris O. [D-CA-5]"],"url":"https:\/\/www.congress.gov\/member\/doris-matsui\/M001163?q=%7B%22search%22%3A%5B%22%5C%22hres464%5C%22%22%5D%7D"}}