{"bill":{"name":["H.Res.738"],"url":"https:\/\/www.congress.gov\/bill\/110th-congress\/house-resolution\/738?q=%7B%22search%22%3A%5B%22%5C%22hres738%5C%22%22%5D%7D&resultIndex=1","summary":["Congressional Bills 110th CongressFrom the US Government Printing OfficeH Res 738 Agreed to House ATH110th CONGRESS 1st SessionH RES 738 Expressing the sense of the House of Representatives regarding the Government of Syrias continued interference in the internal affairs of Lebanon IN THE HOUSE OF REPRESENTATIVES October 15 2007 Mr Ackerman for himself Mr Lantos Mr Issa and Mr Boustany submitted the following resolution which was referred to the Committee on Foreign Affairs October 15 2007 Committee on Foreign Affairs discharged considered and agreed to RESOLUTION Expressing the sense of the House of Representatives regarding the Government of Syrias continued interference in the internal affairs of LebanonWhereas in 2004 Lebanons current president had his term extralegally extended through the interference of Syria in Lebanons internal affairsWhereas former Lebanese Prime Minister Rafiq Hariri the leading opponent of continued Syrian domination of Lebanon and the extralegal extension of the presidents term was assassinated along with 22 people by a massive car bomb on February 14 2005Whereas investigators from the United Nations have suggested that officials of Syrias government at the highest levels appear to be culpable for the assassination of Rafiq Hariri and the 22 other peopleWhereas the people of Lebanon following the murder of Rafiq Hariri engaged in a massive popular revolt known as the Cedar Revolution against Syrian interference in their internal affairs and suppression of their national sovereigntyWhereas the Cedar Revolution reinforced by international pressure culminated in the rapid withdrawal of Syrian occupation forces and free electionsWhereas the current Lebanese government has been under steady attack by domestic and foreign forces that have been engaged in instigating riots and insurrection suspending the operation of Lebanons parliament and perpetrating horrific acts of terror against the Lebanese peopleWhereas Syria and Iran are seeking to dominate Lebanon through their campaign of murder and intimidation aimed at the Lebanese parliamentary majority and other antiSyrian public and political figuresWhereas Syria and Iran through their Lebanese proxies have demanded the selection of another Lebanese president handpicked by the Government of SyriaWhereas Syria and Iran in clear contravention of numerous United Nations Security Council resolutions notably 1559 2004 1655 2006 1664 2006 1680 2006 1701 2006 and 1757 2007 have grossly violated Lebanons sovereignty by continuing to provide arms to illegitimate Lebanese militias Palestinian terrorist groups and other terrorist organizations meddling in Lebanons internal political affairs and actively supporting efforts to prevent the election of a new president in accordance with Lebanese law andWhereas a sovereign and independent Lebanon is in the national security interest of the United States Now therefore be it Resolved That the House of Representatives 1 condemns the campaign of murder terror and intimidation aimed at overthrowing the democraticallyelected government of Lebanon and establishing a new Lebanese government subservient to the will and interests of Syria and Iran 2 condemns Syria and Iran for their gross interference in Lebanons internal political affairs and particularly the selection of a new president and gross violations of United Nations Security Council resolutions protective of Lebanons sovereignty and independence 3 condemns Lebanese political parties and actors who have allied themselves with Syria and Iran to the detriment of their own country and its national interests 4 condemns efforts by some Lebanese political figures to obstruct delay and impede the legal and established processes of their country for the selection of a new president according to the rule of law 5 affirms its continued strong support for Lebanons democraticallyelected government people and national sovereignty and its readiness to provide material support 6 calls on all nations to recognize and support Lebanons sovereignty and independence and 7 urges the President to use all peaceful means at the disposal of the United States to help safeguard Lebanons sovereignty and independence ltallgt"],"current-status":[{"status":"Passed House","details":{"actionDate":"2007-10-15","displayText":"Passed\/agreed to in House: On motion to suspend the rules and agree to the resolution Agreed to by the Yeas and Nays: (2\/3 required): 375 - 5, 1 Present (Roll no. 961).(text: CR H11501)","externalActionCode":"8000","description":"Passed House"}}]},"congress-man":{"name":["Rep. Ackerman, Gary L. [D-NY-5]"],"url":"https:\/\/www.congress.gov\/member\/gary-ackerman\/A000022?q=%7B%22search%22%3A%5B%22%5C%22hres738%5C%22%22%5D%7D"}}