{"bill":{"name":["H.Res.223"],"url":"https:\/\/www.congress.gov\/bill\/110th-congress\/house-resolution\/223?q=%7B%22search%22%3A%5B%22%5C%22hres223%5C%22%22%5D%7D&resultIndex=1","summary":["Congressional Bills 110th CongressFrom the US Government Printing OfficeH Res 223 Engrossed in House EH In the House of Representatives U S May 14 2007Whereas the death of a loved one is a devastating experience and the murder of a loved one is exceptionally difficultWhereas the friends and families of murder victims cope with grief through a variety of support services including counseling crisis intervention professional referrals and assistance in dealing with the criminal justice system andWhereas the designation of a National Day of Remembrance For Murder Victims on September 25th of each year provides an opportunity for the people of the United States to honor the memories of murder victims and to recognize the impact on surviving family members Now therefore be it Resolved That the House of Representatives 1 supports the goals and ideals of a National Day of Remembrance for Murder Victims and 2 recognizes the significant benefits of the organizations that provide services to the loved ones of murder victims Attest Clerk"],"current-status":[{"status":"Passed House","details":{"actionDate":"2007-05-14","displayText":"Passed\/agreed to in House: On motion to suspend the rules and agree to the resolution Agreed to by the Yeas and Nays: (2\/3 required): 369 - 0 (Roll no. 343).(text: CR H4920)","externalActionCode":"8000","description":"Passed House"}}]},"congress-man":{"name":["Rep. Shadegg, John B. [R-AZ-3]"],"url":"https:\/\/www.congress.gov\/member\/john-shadegg\/S000275?q=%7B%22search%22%3A%5B%22%5C%22hres223%5C%22%22%5D%7D"}}