{"bill":{"name":["H.Res.533"],"url":"https:\/\/www.congress.gov\/bill\/110th-congress\/house-resolution\/533?q=%7B%22search%22%3A%5B%22%5C%22hres533%5C%22%22%5D%7D&resultIndex=1","summary":["Congressional Bills 110th CongressFrom the US Government Printing OfficeH Res 533 Engrossed in House EH In the House of Representatives U S July 12 2007 Resolved That upon the adoption of this resolution it shall be in order to consider in the House the bill HR 2956 to require the Secretary of Defense to commence the reduction of the number of United States Armed Forces in Iraq to a limited presence by April 1 2008 and for other purposes All points of order against the bill and against its consideration are waived except those arising under clause 9 or 10 of rule XXI The bill shall be considered as read The previous question shall be considered as ordered on the bill to final passage without intervening motion except 1 four hours of debate with three hours equally divided and controlled by the chairman and ranking minority member of the Committee on Armed Services and one hour equally divided and controlled by the chairman and ranking minority member of the Committee on Foreign Affairs and 2 one motion to recommit Sec 2 During consideration of HR 2956 pursuant to this resolution notwithstanding the operation of the previous question the Chair may postpone further consideration of the bill to such time as may be designated by the Speaker Attest Clerk"],"current-status":[{"status":"Passed House","details":{"actionDate":"2007-07-12","displayText":"Passed\/agreed to in House: On agreeing to the resolution Agreed to by the Yeas and Nays: 221 - 196 (Roll no. 621).(text: CR H7663)","externalActionCode":"8000","description":"Passed House"}}]},"congress-man":{"name":["Rep. Slaughter, Louise McIntosh [D-NY-28]"],"url":"https:\/\/www.congress.gov\/member\/louise-slaughter\/S000480?q=%7B%22search%22%3A%5B%22%5C%22hres533%5C%22%22%5D%7D"}}