{"bill":{"name":["H.Res.601"],"url":"https:\/\/www.congress.gov\/bill\/110th-congress\/house-resolution\/601?q=%7B%22search%22%3A%5B%22%5C%22hres601%5C%22%22%5D%7D&resultIndex=1","summary":["Congressional Bills 110th CongressFrom the US Government Printing OfficeH Res 601 Engrossed in House EH In the House of Representatives U S August 2 2007 Resolved That upon the adoption of this resolution it shall be in order to consider in the House the bill HR 3159 to mandate minimum periods of rest and recuperation for units and members of the regular and reserve components of the Armed Forces between deployments for Operation Iraqi Freedom or Operation Enduring Freedom All points of order against consideration of the bill are waived except those arising under clause 9 or 10 of rule XXI The amendment in the nature of a substitute recommended by the Committee on Armed Services now printed in the bill shall be considered as adopted The bill as amended shall be considered as read All points of order against provisions of the bill as amended are waived The previous question shall be considered as ordered on the bill as amended to final passage without intervening motion except 1 one hour of debate equally divided and controlled by the chairman and ranking minority member of the Committee on Armed Services and 2 one motion to recommit with or without instructions Sec 2 During consideration of HR 3159 pursuant to this resolution notwithstanding the operation of the previous question the Chair may postpone further consideration of the bill to such time as may be designated by the Speaker Attest Clerk"],"current-status":[{"status":"Passed House","details":{"actionDate":"2007-08-02","displayText":"Passed\/agreed to in House: On agreeing to the resolution Agreed to by the Yeas and Nays: 224 - 200 (Roll no. 794).(text: CR H9549)","externalActionCode":"8000","description":"Passed House"}}]},"congress-man":{"name":["Rep. Slaughter, Louise McIntosh [D-NY-28]"],"url":"https:\/\/www.congress.gov\/member\/louise-slaughter\/S000480?q=%7B%22search%22%3A%5B%22%5C%22hres601%5C%22%22%5D%7D"}}