{"bill":{"name":["H.Res.584"],"url":"https:\/\/www.congress.gov\/bill\/110th-congress\/house-resolution\/584?q=%7B%22search%22%3A%5B%22%5C%22hres584%5C%22%22%5D%7D&resultIndex=1","summary":["Congressional Bills 110th CongressFrom the US Government Printing OfficeH Res 584 Engrossed in House EH In the House of Representatives U S September 25 2007Whereas life insurance is an essential part of a sound financial planWhereas life insurance provides financial security for families by helping surviving members meet immediate and longterm financial obligations and objectives in the event of a premature death in their familyWhereas approximately 68000000 United States citizens lack the adequate level of life insurance coverage needed to ensure a secure financial future for their loved onesWhereas life insurance products protect against the uncertainties of life by enabling individuals and families to manage the financial risks of premature death disability and longterm careWhereas individuals families and businesses can benefit from professional insurance and financial planning advice including an assessment of their life insurance needs andWhereas numerous groups supporting life insurance have designated September 2007 as National Life Insurance Awareness Month as a means to encourage consumers to 1 become more aware of their life insurance needs 2 seek professional advice regarding life insurance and 3 take the actions necessary to achieve financial security for their loved ones Now therefore be it Resolved That the House of Representatives 1 supports the goals and ideals of National Life Insurance Awareness Month and 2 calls on the Federal Government States localities schools nonprofit organizations businesses and the citizens of the United States to observe the month with appropriate programs and activities Attest Clerk"],"current-status":[{"status":"Passed House","details":{"actionDate":"2007-09-25","displayText":"Passed\/agreed to in House: On motion to suspend the rules and agree to the resolution Agreed to by the Yeas and Nays: (2\/3 required): 412 - 1 (Roll no. 896).(text: CR 9\/24\/2007 H10704-10705)","externalActionCode":"8000","description":"Passed House"}}]},"congress-man":{"name":["Rep. Biggert, Judy [R-IL-13]"],"url":"https:\/\/www.congress.gov\/member\/judy-biggert\/B001232?q=%7B%22search%22%3A%5B%22%5C%22hres584%5C%22%22%5D%7D"}}