{"bill":{"name":["H.Res.452"],"url":"https:\/\/www.congress.gov\/bill\/110th-congress\/house-resolution\/452?q=%7B%22search%22%3A%5B%22%5C%22hres452%5C%22%22%5D%7D&resultIndex=1","summary":[],"current-status":[{"status":"Passed House","details":{"actionDate":"2007-06-05","displayText":"Passed\/agreed to in House: On agreeing to the resolution Agreed to by the Yeas and Nays: 373 - 26, 13 Present (Roll no. 430).(text: CR H5966-5967)","externalActionCode":"8000","description":"Passed House"}}]},"congress-man":{"name":["Rep. Boehner, John A. [R-OH-8]"],"url":"https:\/\/www.congress.gov\/member\/john-boehner\/B000589?q=%7B%22search%22%3A%5B%22%5C%22hres452%5C%22%22%5D%7D"}}