{"bill":{"name":["H.Res.65"],"url":"https:\/\/www.congress.gov\/bill\/110th-congress\/house-resolution\/65?q=%7B%22search%22%3A%5B%22%5C%22hres65%5C%22%22%5D%7D&resultIndex=1","summary":["Congressional Bills 110th CongressFrom the US Government Printing OfficeH Res 65 Engrossed in House EH In the House of Representatives U S January 17 2007 Resolved That upon the adoption of this resolution it shall be in order to consider in the House the bill HR 5 to amend the Higher Education Act of 1965 to reduce interest rates for student borrowers All points of order against the bill and against its consideration are waived except those arising under clause 9 or 10 of rule XXI The bill shall be considered as read The previous question shall be considered as ordered on the bill to final passage without intervening motion except 1 three hours of debate equally divided and controlled by the chairman and ranking minority member of the Committee on Education and Labor and 2 one motion to recommit Sec 2 During consideration of HR 5 pursuant to this resolution notwithstanding the operation of the previous question the Chair may postpone further consideration of the bill to a time designated by the Speaker Attest Clerk"],"current-status":[{"status":"Passed House","details":{"actionDate":"2007-01-17","displayText":"Passed\/agreed to in House: On agreeing to the resolution Agreed to by recorded vote: 223 - 190 (Roll no. 30).(text: CR H588)","externalActionCode":"8000","description":"Passed House"}}]},"congress-man":{"name":["Rep. Matsui, Doris O. [D-CA-5]"],"url":"https:\/\/www.congress.gov\/member\/doris-matsui\/M001163?q=%7B%22search%22%3A%5B%22%5C%22hres65%5C%22%22%5D%7D"}}