{"bill":{"name":["H.Res.642"],"url":"https:\/\/www.congress.gov\/bill\/110th-congress\/house-resolution\/642?q=%7B%22search%22%3A%5B%22%5C%22hres642%5C%22%22%5D%7D&resultIndex=1","summary":["Congressional Bills 110th CongressFrom the US Government Printing OfficeH Res 642 Engrossed in House EH In the House of Representatives U S September 25 2007Whereas on September 4 2007 Hurricane Felix a Category 5 storm hit the NicaraguaHonduras border causing over 40000 people in Nicaragua and Honduras to be evacuated and killing at least 100 peopleWhereas just weeks before Hurricane Dean a Category 5 storm hit Mexico and the Caribbean coast killed 27 persons displaced over 260000 persons and destroyed over 36000 homesWhereas Hurricane Henriette a Category 1 storm made landfall along the Baja California peninsula of Mexico hours after Hurricane Felix made landfall the first time since 1949 that two Atlantic and Pacific hurricanes hit land on the same dayWhereas for the first time in the recorded history of hurricanes two Category 5 storms Hurricanes Dean and Felix made landfall during the same yearWhereas Hurricane Henriette though less powerful than Hurricane Felix killed 7 peopleWhereas the homes of at least 5000 Central Americans were damaged or destroyed by Hurricanes Felix and HenrietteWhereas thousands more individuals were unable to be evacuated and forced to endure these hurricanes in the shelter of their own homesWhereas Hurricane Felix obtained wind speeds of over 160 milesanhour causing widespread destruction with heavy rains and subsequent mudslides and floods expected to followWhereas Hurricane Felix hit the Miskito Coast home to the Miskito Indians an indigenous population of Central AmericaWhereas relief organizations have reported that thousands of Miskito Indians were stranded on the coast and unable to travel to safer regionsWhereas the poorest civilians of Honduras and Guatemala who live in hillside villages will be most susceptible to mudslides due to their inland locationWhereas Honduras and Nicaragua the poorest countries of Central America have economies that rely heavily on limited agricultural exports which make both countries extremely vulnerable to natural disastersWhereas major tourist destinations including Cabo San Lucas the Mayan Riviera Cancun Acapulco and a host of Caribbean islands were forced to evacuate due to the hurricanes thus harming the tourist industry on which these areas depend andWhereas Honduras and Nicaragua were still rebuilding after the devastating effects of Hurricane Mitch in 1998 which killed nearly 11000 people and left more than 8000 people missing destroyed the infrastructures and economies of both countries and caused billions of dollars in damage Now therefore be it Resolved That the House of Representatives 1 expresses its sympathy to and support for the people and governments of the countries of Central America the Caribbean and Mexico in this time of devastation 2 vows its continued friendship and support for our neighbors in Central America the Caribbean and Mexico 3 urges all parties to continue their efforts in evacuating and providing aid to those individuals displaced by the hurricanes 4 recognizes the United States Governments initial efforts to provide assistance to populations affected by the hurricanes and urges increased and continued assistance as the effects of the hurricanes continue to unfold 5 encourages public institutions specialized agencies as well as private citizens to offer their resources and 6 recognizes the efforts of relief organizations including the International Federation of Red Cross and Red Crescent Societies and the international community in aiding the people and governments involved Attest Clerk"],"current-status":[{"status":"Passed House","details":{"actionDate":"2007-09-25","displayText":"Passed\/agreed to in House: On motion to suspend the rules and agree to the resolution Agreed to by the Yeas and Nays: (2\/3 required): 418 - 0 (Roll no. 900).(text: CR H10781-10782)","externalActionCode":"8000","description":"Passed House"}}]},"congress-man":{"name":["Rep. Solis, Hilda L. [D-CA-32]"],"url":"https:\/\/www.congress.gov\/member\/hilda-solis\/S001153?q=%7B%22search%22%3A%5B%22%5C%22hres642%5C%22%22%5D%7D"}}