{"bill":{"name":["H.Res.418"],"url":"https:\/\/www.congress.gov\/bill\/110th-congress\/house-resolution\/418?q=%7B%22search%22%3A%5B%22%5C%22hres418%5C%22%22%5D%7D&resultIndex=1","summary":["Congressional Bills 110th CongressFrom the US Government Printing OfficeH Res 418 Engrossed in House EH In the House of Representatives U S June 11 2007Whereas Presidents Prime Ministers and Foreign Ministers from Antigua and Barbuda the Bahamas Barbados Belize Dominica Grenada Guyana Haiti Jamaica Saint Kitts and Nevis Saint Lucia Saint Vincent and the Grenadines Suriname Trinidad and Tobago will travel to Washington DC to attend the Conference on the Caribbean and meet with Members of CongressWhereas for the first time in its history through the cooperation of the Caribbean Community CARICOM the Department of State and Congress the Conference on the Caribbean is convening June 19 2007 through June 21 2007 in Washington DCWhereas CARICOM was created through the Treaty of Chaguaramas in 1973 at Chaguaramas Trinidad and TobagoWhereas CARICOM was established in order to improve labor standards production and sustained economic development expand foreign trade and economic relations increase economic leverage and effectiveness of Member States in dealing with thirdparty states enhance the coordination of Member States foreign policies and trade relations and promote the tradition of democracy in the regionWhereas CARICOM is developing stronger trade economic relations and overall cooperation with the United States GovernmentWhereas the Conference on the Caribbean is a unique dialogue between leaders of the United States and Caribbean countries to develop regional strategies for economic development and better relations with Caribbean countriesWhereas the United States has maintained deep and enduring relations with the peoples of Caribbean countries and is linked to the Caribbean not only through geography but also through common interests and valuesWhereas the United States and Caribbean countries can enhance their cooperation in many areas including mutually beneficial trade and economic relationships countering the transnational scourges of crime drugs and terrorism combating the spread of infectious disease protecting the environment and encouraging tourism maintaining fisheries and other maritime resources addressing climate change energy security and renewable energy sources and promoting democracy and good governance andWhereas there are increasing numbers of Americans of Caribbean heritage making myriad contributions to Americas rich cultural fabric and diversity Now therefore be it Resolved That House of Representatives 1 recognizes the deep and historic ties between the peoples of the United States and the Caribbean 2 expresses the hope that relations between the United States and the Caribbean will continue to grow closer in the future 3 commends the Caribbean Community CARICOM for holding the Conference of the Caribbean and 4 recognizes and welcomes the delegation of Presidents Prime Ministers and Foreign Ministers from Caribbean countries to Washington DC Attest Clerk"],"current-status":[{"status":"Passed House","details":{"actionDate":"2007-06-11","displayText":"Passed\/agreed to in House: On motion to suspend the rules and agree to the resolution Agreed to by the Yeas and Nays: (2\/3 required): 386 - 0 (Roll no. 450).(text: CR H6195)","externalActionCode":"8000","description":"Passed House"}}]},"congress-man":{"name":["Rep. Engel, Eliot L. [D-NY-17]"],"url":"https:\/\/www.congress.gov\/member\/eliot-engel\/E000179?q=%7B%22search%22%3A%5B%22%5C%22hres418%5C%22%22%5D%7D"}}