{"bill":{"name":["H.Res.801"],"url":"https:\/\/www.congress.gov\/bill\/110th-congress\/house-resolution\/801?q=%7B%22search%22%3A%5B%22%5C%22hres801%5C%22%22%5D%7D&resultIndex=1","summary":["Congressional Bills 110th CongressFrom the US Government Printing OfficeH Res 801 Engrossed in House EH In the House of Representatives U S November 7 2007 Resolved That upon the adoption of this resolution it shall be in order to consider in the House the bill HR 3688 to implement the United StatesPeru Trade Promotion Agreement All points of order against consideration of the bill are waived except those arising under clause 9 or 10 of rule XXI The bill shall be considered as read All points of order against provisions of the bill are waived The bill shall be debatable for three hours with 45 minutes in favor of the bill controlled by Representative Rangel of New York or his designee 45 minutes in favor of the bill controlled by Representative McCrery of Louisiana or his designee 45 minutes in opposition to the bill controlled by Representative Michaud of Maine or his designee and 45 minutes in opposition to the bill controlled by the Minority Leader or his designee Pursuant to section 151f2 of the Trade Act of 1974 the previous question shall be considered as ordered on the bill to final passage without intervening motion Sec 2 During consideration of HR 3688 pursuant to this resolution notwithstanding the operation of the previous question the Chair may postpone further consideration of the bill to such time as may be designated by the Speaker Attest Clerk"],"current-status":[{"status":"Passed House","details":{"actionDate":"2007-11-07","displayText":"Passed\/agreed to in House: On agreeing to the resolution Agreed to by recorded vote: 349 - 55 (Roll no. 1059).(text: CR H13254)","externalActionCode":"8000","description":"Passed House"}}]},"congress-man":{"name":["Rep. Matsui, Doris O. [D-CA-5]"],"url":"https:\/\/www.congress.gov\/member\/doris-matsui\/M001163?q=%7B%22search%22%3A%5B%22%5C%22hres801%5C%22%22%5D%7D"}}