{"bill":{"name":["H.Res.878"],"url":"https:\/\/www.congress.gov\/bill\/110th-congress\/house-resolution\/878?q=%7B%22search%22%3A%5B%22%5C%22hres878%5C%22%22%5D%7D&resultIndex=1","summary":["Congressional Bills 110th CongressFrom the US Government Printing OfficeH Res 878 Reported in House RH House Calendar No 174110th CONGRESS 1st SessionH RES 878 Report No 110497 Providing for the consideration of the Senate amendment to the bill HR 2764 making appropriations for the Department of State foreign operations and related programs for the fiscal year ending September 30 2008 and for other purposes IN THE HOUSE OF REPRESENTATIVES December 17 2007 Ms Slaughter from the Committee on Rules reported the following resolution which was referred to the House Calendar and ordered to be printed RESOLUTION Providing for the consideration of the Senate amendment to the bill HR 2764 making appropriations for the Department of State foreign operations and related programs for the fiscal year ending September 30 2008 and for other purposes Resolved That upon adoption of this resolution it shall be in order to take from the Speakers table the bill HR 2764 making appropriations for the Department of State foreign operations and related programs for the fiscal year ending September 30 2008 and for other purposes with the Senate amendment thereto and to consider in the House without intervention of any point of order except those arising under clause 10 of rule XXI a motion offered by the chairman of the Committee on Appropriations or his designee that the House concur in the Senate amendment with each of the two House amendments printed in the report of the Committee on Rules accompanying this resolution The Senate amendment and the motion shall be considered as read The motion shall be debatable for one hour equally divided and controlled by the chairman and ranking minority member of the Committee on Appropriations The previous question shall be considered as ordered on the motion to its adoption without intervening motion or demand for division of the question except that the question of adoption of the motion shall be divided between the two House amendments Sec 2 During consideration of the motion to concur pursuant to this resolution notwithstanding the operation of the previous question the Chair may postpone further consideration of the motion to such time as may be designated by the Speaker House Calendar No 174110th CONGRESS 1st Session H RES 878 Report No 110497 RESOLUTION Providing for the consideration of the Senate amendment to the bill HR 2764 making appropriations for the Department of State foreign operations and related programs for the fiscal year ending September 30 2008 and for other purposes December 17 2007 Referred to the House Calendar and ordered to be printed"],"current-status":[{"status":"Passed House","details":{"actionDate":"2007-12-17","displayText":"Passed\/agreed to in House: On agreeing to the resolution Agreed to by the Yeas and Nays: 214 - 189 (Roll no. 1169).(text: CR H15516)","externalActionCode":"8000","description":"Passed House"}}]},"congress-man":{"name":["Rep. Slaughter, Louise McIntosh [D-NY-28]"],"url":"https:\/\/www.congress.gov\/member\/louise-slaughter\/S000480?q=%7B%22search%22%3A%5B%22%5C%22hres878%5C%22%22%5D%7D"}}