{"bill":{"name":["H.Res.15"],"url":"https:\/\/www.congress.gov\/bill\/110th-congress\/house-resolution\/15?q=%7B%22search%22%3A%5B%22%5C%22hres15%5C%22%22%5D%7D&resultIndex=1","summary":["Congressional Bills 110th CongressFrom the US Government Printing OfficeH Res 15 Engrossed in House EH In the House of Representatives U S January 11 2007Whereas all American Presidents affect the history of the United States but President Gerald Rudolph Ford leaves a legacy of leadership and service that will endure for years to comeWhereas millions of men and women across America mourn the death of the 38th President of the United StatesWhereas Gerald R Ford is the only person from the State of Michigan to have served as President of the United StatesWhereas Gerald R Ford graduated from the University of Michigan with academic and athletic excellenceWhereas Gerald R Ford attended Yale University Law School and graduated in the top 25 percent of his class while also working as a football coachWhereas Gerald R Ford joined the United States Navy Reserves in 1942 and served valiantly on the USS Monterrey in the Philippines during World War IIWhereas the USS Monterrey earned 10 battle stars awarded for participation in battle while Gerald R Ford served on the shipWhereas Gerald R Ford was released to inactive duty in 1946 with the rank of Lieutenant CommanderWhereas in 1948 Gerald R Ford was elected to the House of Representatives where he served with integrity for 25 yearsWhereas Gerald R Fords contributions to the foreign operations and defense subcommittees of the Committee on Appropriations earned him a reputation as a congressmans congressmanWhereas in 1963 President Lyndon Johnson appointed Gerald R Ford to the Warren Commission investigating the assassination of President John F KennedyWhereas from 1965 to 1973 Gerald R Ford served as minority leader of the House of RepresentativesWhereas from 1974 to 1976 Gerald R Ford served as the 38th President of the United States taking office at a dark hour in the history of the United States and returning the faith of the people of the United States in the Presidency through his wisdom courage and integrityWhereas the Presidency of Gerald R Ford is remembered for restoring trust and openness to the PresidencyWhereas President Gerald R Ford followed a steady sensible course to cope with the Nations economic problems and during his Administration halted doubledigit inflation and lowered unemploymentWhereas President Gerald R Ford worked to solidify President Nixons accomplishments in China bring representatives of Israel and Egypt to the conference table and provide developmental assistance to poor countriesWhereas in 1975 under Gerald R Fords leadership the United States signed the Final Act of the Conference on Security and Cooperation in Europe commonly known as the Helsinki Agreement which ratified postWorld War II European borders and supported human rightsWhereas Gerald R Ford together with Betty Ford was awarded the Congressional Gold Metal in 1999 in recognition of dedicated public service and outstanding humanitarian contributions to the people of the United StatesWhereas in 1999 Gerald R Ford received the Medal of Freedom the Nations highest civilian award for his role in guiding the Nation through the turbulent times of Watergate the resignation of President Nixon and the end of the Vietnam War and for restoring integrity and public trust to the PresidencyWhereas since leaving the Presidency Gerald R Ford has been an international ambassador of American goodwill a noted scholar and lecturer and a strong supporter of the Gerald R Ford School of Public Policy at the University of Michigan which was named for the former President in 1999 andWhereas Gerald R Fords life has been characterized by honesty integrity and dedication of purpose Now therefore be it Resolved That the House of Representatives 1 expresses its appreciation for the profound public service of President Gerald Rudolph Ford 2 tenders its deep sympathy to Betty Ford to Michael Jack Steven and Susan and to the rest of the family of the former President and 3 directs the Clerk of the House to transmit a copy of this resolution to the family of President Gerald Rudolph Ford Attest Clerk"],"current-status":[{"status":"Passed House","details":{"actionDate":"2007-01-11","displayText":"Passed\/agreed to in House: On motion to suspend the rules and agree to the resolution, as amended Agreed to by the Yeas and Nays: (2\/3 required): 423 - 0 (Roll no. 21).(text: CR 1\/9\/2007 H128-129)","externalActionCode":"8000","description":"Passed House"}}]},"congress-man":{"name":["Rep. Ehlers, Vernon J. [R-MI-3]"],"url":"https:\/\/www.congress.gov\/member\/vernon-ehlers\/E000092?q=%7B%22search%22%3A%5B%22%5C%22hres15%5C%22%22%5D%7D"}}