{"bill":{"name":["H.J.Res.43"],"url":"https:\/\/www.congress.gov\/bill\/110th-congress\/house-joint-resolution\/43?q=%7B%22search%22%3A%5B%22%5C%22hjres43%5C%22%22%5D%7D&resultIndex=1","summary":[],"current-status":[{"status":"Became Law","details":{"actionDate":"2007-09-29","displayText":"Became Public Law No: 110-91.","externalActionCode":"36000","description":"Became Law"}}]},"congress-man":{"name":["S. Rept. 110-184"],"url":"\/congressional-report\/110th-congress\/senate-report\/184\/1?q=%7B%22search%22%3A%5B%22%5C%22hjres43%5C%22%22%5D%7D"}}