{"bill":{"name":["H.J.Res.52"],"url":"https:\/\/www.congress.gov\/bill\/110th-congress\/house-joint-resolution\/52?q=%7B%22search%22%3A%5B%22%5C%22hjres52%5C%22%22%5D%7D&resultIndex=1","summary":[],"current-status":[{"status":"Became Law","details":{"actionDate":"2007-09-29","displayText":"Became Public Law No: 110-92.","externalActionCode":"36000","description":"Became Law"}}]},"congress-man":{"name":["Rep. Obey, David R. [D-WI-7]"],"url":"https:\/\/www.congress.gov\/member\/david-obey\/O000007?q=%7B%22search%22%3A%5B%22%5C%22hjres52%5C%22%22%5D%7D"}}