{"bill":{"name":["H.J.Res.44"],"url":"https:\/\/www.congress.gov\/bill\/110th-congress\/house-joint-resolution\/44?q=%7B%22search%22%3A%5B%22%5C%22hjres44%5C%22%22%5D%7D&resultIndex=1","summary":[],"current-status":[{"status":"Became Law","details":{"actionDate":"2007-08-01","displayText":"Became Public Law No: 110-52.","externalActionCode":"36000","description":"Became Law"}}]},"congress-man":{"name":["Rep. Lantos, Tom [D-CA-12]"],"url":"https:\/\/www.congress.gov\/member\/tom-lantos\/L000090?q=%7B%22search%22%3A%5B%22%5C%22hjres44%5C%22%22%5D%7D"}}