{"bill":{"name":["H.R.1591"],"url":"https:\/\/www.congress.gov\/bill\/110th-congress\/house-bill\/1591?q=%7B%22search%22%3A%5B%22%5C%22hr1591%5C%22%22%5D%7D&resultIndex=1","summary":[],"current-status":[{"status":"Failed to pass over veto","details":{"actionDate":"2007-05-02","displayText":"Failed of passage in House over veto: On passage, the objections of the President to the contrary notwithstanding Failed by the Yeas and Nays: (2\/3 required): 222 - 203, 1 Present (Roll no. 276).(consideration: CR H4315-4326; text of Veto message: CR H4315)","externalActionCode":"33000","description":"Failed to pass over veto"}}]},"congress-man":{"name":["Rep. Obey, David R. [D-WI-7]"],"url":"https:\/\/www.congress.gov\/member\/david-obey\/O000007?q=%7B%22search%22%3A%5B%22%5C%22hr1591%5C%22%22%5D%7D"}}