{"bill":{"name":["H.R.2669"],"url":"https:\/\/www.congress.gov\/bill\/110th-congress\/house-bill\/2669?q=%7B%22search%22%3A%5B%22%5C%22hr2669%5C%22%22%5D%7D&resultIndex=1","summary":[],"current-status":[{"status":"Became Law","details":{"actionDate":"2007-09-27","displayText":"Became Public Law No: 110-84.","externalActionCode":"36000","description":"Became Law"}}]},"congress-man":{"name":["Rep. Miller, George [D-CA-7]"],"url":"https:\/\/www.congress.gov\/member\/george-miller\/M000725?q=%7B%22search%22%3A%5B%22%5C%22hr2669%5C%22%22%5D%7D"}}