{"bill":{"name":["H.R.1124"],"url":"https:\/\/www.congress.gov\/bill\/110th-congress\/house-bill\/1124?q=%7B%22search%22%3A%5B%22%5C%22hr1124%5C%22%22%5D%7D&resultIndex=1","summary":[],"current-status":[{"status":"Became Law","details":{"actionDate":"2007-10-24","displayText":"Became Public Law No: 110-97.","externalActionCode":"36000","description":"Became Law"}}]},"congress-man":{"name":["Rep. Davis, Tom [R-VA-11]"],"url":"https:\/\/www.congress.gov\/member\/thomas-davis\/D000136?q=%7B%22search%22%3A%5B%22%5C%22hr1124%5C%22%22%5D%7D"}}