{"bill":{"name":["H.R.3996"],"url":"https:\/\/www.congress.gov\/bill\/110th-congress\/house-bill\/3996?q=%7B%22search%22%3A%5B%22%5C%22hr3996%5C%22%22%5D%7D&resultIndex=1","summary":[],"current-status":[{"status":"Became Law","details":{"actionDate":"2007-12-26","displayText":"Became Public Law No: 110-166.","externalActionCode":"36000","description":"Became Law"}}]},"congress-man":{"name":["Rep. Rangel, Charles B. [D-NY-15]"],"url":"https:\/\/www.congress.gov\/member\/charles-rangel\/R000053?q=%7B%22search%22%3A%5B%22%5C%22hr3996%5C%22%22%5D%7D"}}