{"bill":{"name":["S.1"],"url":"https:\/\/www.congress.gov\/bill\/110th-congress\/senate-bill\/1?q=%7B%22search%22%3A%5B%22%5C%22s1%5C%22%22%5D%7D&resultIndex=1","summary":[],"current-status":[{"status":"Became Law","details":{"actionDate":"2007-09-14","displayText":"Became Public Law No: 110-81.","externalActionCode":"36000","description":"Became Law"}}]},"congress-man":{"name":["Sen. Reid, Harry [D-NV]"],"url":"https:\/\/www.congress.gov\/member\/harry-reid\/R000146?q=%7B%22search%22%3A%5B%22%5C%22s1%5C%22%22%5D%7D"}}