{"bill":{"name":["S.2499"],"url":"https:\/\/www.congress.gov\/bill\/110th-congress\/senate-bill\/2499?q=%7B%22search%22%3A%5B%22%5C%22s2499%5C%22%22%5D%7D&resultIndex=1","summary":[],"current-status":[{"status":"Became Law","details":{"actionDate":"2007-12-29","displayText":"Became Public Law No: 110-173.","externalActionCode":"36000","description":"Became Law"}}]},"congress-man":{"name":["Sen. Baucus, Max [D-MT]"],"url":"https:\/\/www.congress.gov\/member\/max-baucus\/B000243?q=%7B%22search%22%3A%5B%22%5C%22s2499%5C%22%22%5D%7D"}}