{"bill":{"name":["S.1348"],"url":"https:\/\/www.congress.gov\/bill\/110th-congress\/senate-bill\/1348?q=%7B%22search%22%3A%5B%22%5C%22s1348%5C%22%22%5D%7D&resultIndex=1","summary":[],"current-status":[{"status":"Introduced","details":{"actionDate":"2007-05-09","displayText":"Introduced in Senate","externalActionCode":"10000","description":"Introduced"}}]},"congress-man":{"name":["Sen. Reid, Harry [D-NV]"],"url":"https:\/\/www.congress.gov\/member\/harry-reid\/R000146?q=%7B%22search%22%3A%5B%22%5C%22s1348%5C%22%22%5D%7D"}}