{"bill":{"name":["S.2340"],"url":"https:\/\/www.congress.gov\/bill\/110th-congress\/senate-bill\/2340?q=%7B%22search%22%3A%5B%22%5C%22s2340%5C%22%22%5D%7D&resultIndex=1","summary":[],"current-status":[{"status":"Introduced","details":{"actionDate":"2007-11-13","displayText":"Introduced in Senate","externalActionCode":"10000","description":"Introduced"}}]},"congress-man":{"name":["Sen. McConnell, Mitch [R-KY]"],"url":"https:\/\/www.congress.gov\/member\/mitch-mcconnell\/M000355?q=%7B%22search%22%3A%5B%22%5C%22s2340%5C%22%22%5D%7D"}}