{"bill":{"name":["S.30"],"url":"https:\/\/www.congress.gov\/bill\/110th-congress\/senate-bill\/30?q=%7B%22search%22%3A%5B%22%5C%22s30%5C%22%22%5D%7D&resultIndex=1","summary":[],"current-status":[{"status":"Passed Senate","details":{"actionDate":"2007-04-11","displayText":"Passed\/agreed to in Senate: Passed Senate, having acquired the 60 votes required under unanimous consent, without amendment by Yea-Nay Vote. 70 - 28. Record Vote Number: 128.(text as passed Senate: CR S4390-4391)","externalActionCode":"17000","description":"Passed Senate"}}]},"congress-man":{"name":["Sen. Coleman, Norm [R-MN]"],"url":"https:\/\/www.congress.gov\/member\/norm-coleman\/C001057?q=%7B%22search%22%3A%5B%22%5C%22s30%5C%22%22%5D%7D"}}