{"bill":{"name":["S.378"],"url":"https:\/\/www.congress.gov\/bill\/110th-congress\/senate-bill\/378?q=%7B%22search%22%3A%5B%22%5C%22s378%5C%22%22%5D%7D&resultIndex=1","summary":[],"current-status":[{"status":"Passed Senate","details":{"actionDate":"2007-04-19","displayText":"Passed\/agreed to in Senate: Passed Senate with amendments by Yea-Nay. 97 - 0. Record Vote Number: 135.(text: CR S4742-4744)","externalActionCode":"17000","description":"Passed Senate"}}]},"congress-man":{"name":["Sen. Leahy, Patrick J. [D-VT]"],"url":"https:\/\/www.congress.gov\/member\/patrick-leahy\/L000174?q=%7B%22search%22%3A%5B%22%5C%22s378%5C%22%22%5D%7D"}}