{"bill":{"name":["S.761"],"url":"https:\/\/www.congress.gov\/bill\/110th-congress\/senate-bill\/761?q=%7B%22search%22%3A%5B%22%5C%22s761%5C%22%22%5D%7D&resultIndex=1","summary":[],"current-status":[{"status":"Passed Senate","details":{"actionDate":"2007-04-25","displayText":"Passed\/agreed to in Senate: Passed Senate with amendments by Yea-Nay Vote. 88 - 8. Record Vote Number: 146.(text: CR 4\/26\/2007 S5224-5254)","externalActionCode":"17000","description":"Passed Senate"}}]},"congress-man":{"name":["Sen. Reid, Harry [D-NV]"],"url":"https:\/\/www.congress.gov\/member\/harry-reid\/R000146?q=%7B%22search%22%3A%5B%22%5C%22s761%5C%22%22%5D%7D"}}