{"bill":{"name":["S.Res.107"],"url":"https:\/\/www.congress.gov\/bill\/110th-congress\/senate-resolution\/107?q=%7B%22search%22%3A%5B%22%5C%22sres107%5C%22%22%5D%7D&resultIndex=1","summary":[],"current-status":[{"status":"Passed Senate","details":{"actionDate":"2007-03-15","displayText":"Passed\/agreed to in Senate: Resolution agreed to in Senate without amendment and with a preamble by Yea-Nay Vote. 96 - 2. Record Vote Number: 76.(text as passed Senate: CR S3187)","externalActionCode":"17000","description":"Passed Senate"}}]},"congress-man":{"name":["Sen. Murray, Patty [D-WA]"],"url":"https:\/\/www.congress.gov\/member\/patty-murray\/M001111?q=%7B%22search%22%3A%5B%22%5C%22sres107%5C%22%22%5D%7D"}}